hcpcs_code,total_paid,total_claims,total_beneficiaries,row_count
S9124,187968078.15,304107,14466,500
H2019,128005459.29,2197283,802907,7163
T1017,74016180.13,1477286,240881,1787
T1019,66349787.57,1070170,62177,762
H2017,54072871.46,512338,48074,1006
S9123,53657483.61,91464,5368,194
S5130,51014201.06,1296036,95078,1130
99213,50435279.62,1065908,864527,17050
99214,48589194.47,810262,665669,17250
T1004,30219419.18,496595,30233,683
92507,24909017.2,457824,108184,2785
T1025,22446583.24,103877,7397,299
99284,20488829.89,271594,231990,6055
90999,19129049.2,133317,9769,449
T1015,17975120.92,309043,230169,2755
S9122,16739098.84,94983,4410,200
97530,15229276.47,291926,58841,1800
99283,15217197.86,202754,182362,4142
99285,14954379.52,174959,140470,4637
S5145,14663420.57,88138,7418,211
H0032,14583167.21,250571,228732,4281
S5161,13897168.14,622726,559260,160
S5102,13383448.88,198373,14080,400
H0011,13184408.75,34317,5992,83
V5261,12994211.04,8900,8697,178
H0019,12288764.29,11349,2596,73
H0031,11382016.9,259138,211096,3445
90837,10555565.25,157586,69695,1628
99392,9606039.96,99926,92639,2803
97110,9466854.27,199235,36997,1335
T2030,9462564.24,7707,6935,283
S5135,8893272.25,262004,19800,539
H1000,8729395.32,108408,76201,2320
99204,8320244.8,74761,63093,2833
99391,7481410.19,82561,73268,2472
D0120,7416870.68,293246,280546,2853
D1120,7115170.8,249392,239584,2534
H2014,6833623.85,43660,4437,236
99393,6527700.35,71042,65097,2036
88305,6113314.82,148664,129616,3824
H2036,5554168.4,27340,2630,79
99233,5486583.31,207750,62842,3341
H0018,5444012.55,20489,1732,63
99203,5275572.41,70353,57266,2556
D1110,5185659.64,112450,105272,2375
97155,5116226.84,33265,11396,748
H2000,4955992.79,30405,26988,849
A4657,4947575.15,24595,6570,289
S5100,4744059.44,86611,4735,199
H0004,4740538.29,37489,11446,191
99394,4709363.94,47330,42920,1511
J1644,4681676.15,33881,4779,192
99212,4417530.24,116431,99455,1955
A0427,4264699.18,36847,27685,493
D2392,4234637.0,70356,41396,1338
T2003,4073546.25,73741,4749,116
99223,3983688.18,56127,45501,2184
H2020,3958046.55,26500,4139,220
99282,3743059.79,46670,43168,614
S5150,3728062.74,43754,3829,139
Q4081,3627419.46,39654,1882,62
90460,3488433.28,233256,190403,3259
V5160,3478311.89,13078,12564,306
99232,3311031.55,175793,56221,2966
D2930,3283741.47,35149,14303,502
D8670,3087625.46,33849,31800,443
H0036,2968343.85,34737,7199,76
H0035,2595199.98,31558,2086,76
J2501,2513595.81,13256,1053,39
H0020,2447680.94,49534,12508,284
D0150,2433373.7,75889,71597,2160
S9083,2371003.39,26256,21636,451
V5257,2241196.09,3822,3683,77
76816,2234569.82,37966,31200,649
74177,2185546.05,19390,17369,587
J1756,2091306.57,16974,3352,174
A0429,2076525.23,21758,16685,394
80053,1987017.79,363636,227122,2258
96361,1957006.13,41439,20587,357
J1270,1928273.18,23750,1613,57
70450,1912912.03,38869,32088,1069
84520,1885218.29,12321,4755,241
D0330,1867866.38,49219,47024,1033
88374,1858216.33,19710,10718,163
H0040,1813846.0,104061,2652,37
76811,1804265.6,15781,14329,330
S9480,1797976.06,7496,687,39
85025,1762967.99,411699,238213,2731
D7140,1723553.59,46141,22660,805
97153,1685856.62,13701,2009,79
T1000,1659474.72,6788,286,22
J0606,1628420.09,6250,494,26
87635,1612049.67,114129,100625,1258
90833,1603046.38,56667,41363,556
95812,1577718.91,4360,4277,158
99215,1531163.26,18770,14841,685
H0015,1521649.18,16323,2244,103
97112,1474256.13,31702,3114,165
88185,1460229.2,11781,8446,166
97156,1454507.75,12457,4971,354
D9420,1445627.57,3478,3200,87
D1351,1402774.18,158183,41387,1194
93306,1377265.78,29687,23862,964
U0003,1364857.36,29437,24661,262
43239,1358739.31,7295,6357,334
D2391,1333362.91,31094,19862,775
D1206,1329761.57,125421,117082,2122
T1027,1329197.78,28295,7478,423
92004,1313402.13,17381,16657,732
S5141,1277400.97,21220,4321,24
99222,1234618.74,18558,15181,815
83540,1224312.7,16152,11914,539
84100,1217327.39,58275,21152,831
01967,1208325.17,4143,3840,249
99281,1203419.16,15132,12590,256
74176,1192325.53,17701,14647,670
83970,1149838.69,7811,5001,227
92014,1149597.37,22304,21460,821
85018,1123636.17,81783,56745,1877
83550,1123459.11,14177,10377,474
D0210,1113430.7,28574,25167,1098
80307,1105292.83,63507,36936,949
82310,1071027.63,6146,3634,183
31231,1054347.17,6363,4679,288
J7030,1037339.48,33061,22286,445
V5260,1025120.37,927,900,49
J0887,1021359.32,6077,2780,150
99239,1021018.98,26324,21985,1205
87491,991582.21,49582,44813,824
D0272,989162.54,153085,146555,2110
J0129,960434.68,642,478,31
T2048,957848.78,126,125,7
90791,953079.88,8286,5374,258
88307,951506.13,19888,17810,844
96360,929158.8,14861,7538,196
36415,914487.15,166620,116695,3459
97535,895508.38,19060,1531,92
76819,887181.0,27348,19725,532
D9223,880466.66,3316,2647,71
G9012,870898.7,5580,5125,91
95004,856486.85,4406,4025,201
92012,848390.73,11262,9705,244
D9230,844475.66,49301,44506,922
D7240,832794.15,6742,2080,75
90461,827212.1,82699,72884,1998
G0378,822134.55,34727,16316,346
87591,811419.93,45529,41019,715
99205,810187.37,4411,4163,206
84075,808556.21,5694,4310,192
95165,807761.51,4294,3397,160
H0001,796256.03,29857,18958,853
80048,792048.69,307006,155954,1666
90832,785202.86,95746,23917,856
82040,781705.96,6205,4171,195
78452,774751.19,4235,3185,146
A0428,751338.33,24792,12381,82
H2012,709527.97,17378,2848,154
77067,699196.1,21195,17445,521
D2393,695987.88,7239,4732,289
76818,685273.62,8928,5109,152
87624,680825.12,25830,23966,284
99244,677340.75,4019,3759,168
99395,674202.04,11280,10651,480
D0230,662707.08,255646,208296,2531
82565,660702.67,5221,3793,195
V5241,659525.48,4009,3945,79
84450,652031.16,4836,3641,153
84460,647676.58,4550,3417,137
D1208,641424.58,255525,244846,1876
D1999,627980.8,35588,32720,108
59025,619137.26,16864,12190,371
T2001,604182.5,28013,1587,37
T1007,587466.35,11647,9624,472
H2010,571189.67,21911,21290,245
84155,570882.67,4378,3424,193
99309,570548.58,81716,42195,1149
90834,565383.37,15469,8539,402
88312,561165.63,10852,9379,370
97803,549162.95,68277,60973,622
80051,543867.11,3580,2685,123
D0140,540180.56,48686,43698,1543
D7210,539183.71,6020,1856,97
H0010,525709.17,1455,291,18
87502,525078.89,25674,22350,251
82728,525010.86,15322,9771,461
95819,514823.37,1325,1297,63
17110,513054.21,8680,7847,350
87804,511590.06,100208,62665,1320
92526,502343.16,13150,2728,83
99381,501731.28,5877,5143,288
88175,494546.31,34288,32509,392
71045,492806.32,147587,112854,2959
0202U,490680.81,7212,6623,160
E1390,482924.3,13330,9900,228
G0238,476604.9,9161,990,52
99385,472909.7,7889,7466,316
U0002,468317.51,32960,27831,611
D0274,467037.22,103661,98333,1999
76815,464357.59,22028,17907,525
87481,455842.52,24118,9333,172
D8660,446672.05,5442,5295,191
99220,443273.76,4620,3430,210
97802,439468.42,67919,55473,1198
99291,436121.47,7229,3119,212
D0220,431657.54,253590,238213,3196
87798,428123.65,25433,10210,282
J1885,425306.74,25809,13866,357
99202,424224.47,7459,6926,335
59430,423552.49,3034,2656,174
H0041,420974.03,1012,1007,31
88342,419954.29,16885,14700,605
96374,413746.12,61285,39027,789
V5256,397193.31,741,718,39
U0004,397158.0,5472,4873,42
93000,395987.59,48354,31965,1222
71046,388810.05,49132,44711,1363
71275,388663.62,4503,3989,209
87661,386447.32,17632,15074,193
99243,385099.37,2982,2692,136
99211,384072.89,37626,22184,463
76801,373576.9,7267,6294,314
96365,372394.28,11757,8511,227
99469,371319.18,1590,453,27
H0016,367250.0,1585,1335,62
T1021,364279.02,13344,436,33
76641,359741.49,13736,8098,234
99308,358186.1,97769,51526,1304
Q3014,356216.0,657,629,21
99396,351350.82,6713,6475,309
99401,344731.98,17563,15030,298
72148,343733.85,1827,1380,73
59410,343507.59,405,363,27
87482,336374.05,7138,6632,70
88184,321629.86,9564,8479,167
85027,317897.31,357330,190689,1720
D8080,313328.05,291,262,18
88341,294664.81,5559,4790,211
T1020,293387.32,1258,921,59
76705,293137.22,7668,7005,255
G0483,290317.55,9918,8217,76
E0466,279197.64,1599,1149,69
99051,277012.49,46236,43091,894
66984,274710.33,606,488,25
87512,273956.66,7582,7059,75
96375,263685.91,43554,20517,422
J7120,257206.3,8517,6619,143
99221,256187.08,1726,1315,72
T1005,256093.48,7659,1068,48
87880,255392.25,91173,82450,1959
V2020,254828.79,16274,15431,714
88313,253978.36,6741,5950,218
99241,248775.78,1819,1535,43
76830,247244.11,4990,4475,253
D9920,247243.55,19196,17953,406
96372,243837.27,33606,25332,777
90471,242108.75,48771,43893,1226
87275,242061.35,34892,32809,370
76856,241767.89,4634,4219,246
93010,239050.67,76012,57338,2049
90960,238976.44,10243,7734,338
87653,238768.61,8970,8470,148
92557,238478.2,13904,10602,581
11721,237090.72,30719,25776,810
92552,236982.29,17465,16982,371
D1330,234919.54,279954,267720,2534
95117,234561.53,28124,11209,275
87070,230784.93,68206,57838,1037
85048,228610.95,12999,2796,96
95886,227074.29,5073,2553,101
81025,226873.52,129929,106617,1886
88237,224775.81,5258,3593,68
99441,224225.97,9116,6797,168
S5160,221238.5,5532,5081,76
H0006,220749.7,2991,997,49
64488,219626.67,6529,3618,224
99383,219608.71,1833,1729,95
87040,218597.74,73882,55946,1097
H1001,218572.51,1600,1451,92
11102,217749.82,5667,5254,223
84484,215617.33,106094,68932,1273
93005,215082.3,40101,31025,570
00170,215024.49,1783,1684,60
87276,214130.53,87921,76568,681
90670,211761.17,51076,45728,1684
V5266,210304.61,21577,20885,550
11056,207441.6,13266,12644,327
85041,206176.07,2130,1424,56
87633,206012.46,4034,3762,129
92650,202105.9,5538,3944,81
76813,202064.02,3264,2985,140
83735,201006.57,112089,52241,1155
E0601,199112.09,6462,5514,196
A0130,199014.66,3439,578,24
87511,198751.55,8004,6736,101
A5500,196873.52,5504,2559,103
87811,192642.15,20145,11284,145
92523,191698.83,2350,2170,142
84132,187348.73,2582,1579,107
V5014,186569.88,1291,1151,65
93303,186434.24,2329,1748,82
A0425,186133.7,74239,45704,503
T1002,185795.99,3060,1169,33
90847,183867.22,1635,1153,33
87426,182324.53,15863,13056,323
76805,181454.36,2526,2381,123
81001,179347.4,221227,183145,1936
0241U,178938.12,2139,1861,74
A0426,178453.83,3386,2338,74
99386,178399.23,2383,2304,123
88141,178033.31,10054,9719,483
D9222,177896.21,2975,2644,71
00003,177698.06,800,775,33
90472,177165.48,29378,26374,727
93976,176200.13,2515,2112,102
80325,175723.69,9764,7511,69
76817,175420.12,8087,6696,277
45385,175139.66,454,407,28
54304,175040.26,241,236,16
92567,174223.28,48717,40177,1986
88377,173697.07,2673,1884,76
90792,172885.55,3304,2491,127
D0603,172150.96,31053,29746,632
77066,169877.19,5644,4560,137
D1354,168686.69,25819,6231,199
99472,167011.73,671,198,12
T2046,165082.3,33,28,2
J7040,164585.42,18843,7353,186
Q9967,163838.58,13756,10902,290
76700,163163.09,2417,2211,111
D0145,162910.24,4902,4759,186
87340,160909.88,3968,3509,198
V5264,160883.2,3775,3308,82
99238,159137.2,4541,3826,227
87632,157989.79,3339,2757,59
72125,156895.54,4315,3531,198
69436,154229.61,377,367,26
96413,153452.22,3583,2435,135
59514,148390.05,1156,942,52
59515,145044.36,123,117,9
94640,144928.16,20158,14946,519
99188,144530.97,17439,16512,712
J0882,144391.69,683,298,16
80345,142784.7,11147,8772,74
45380,142627.78,439,414,30
99404,142265.51,1419,1288,29
92060,142161.17,10444,8671,137
82805,141815.54,15080,4439,178
82962,141635.67,139269,23832,423
97151,138453.52,870,563,33
42820,137472.05,181,177,12
D9995,137057.09,8669,7422,200
D4341,135668.77,5447,1425,93
A9500,135621.33,4432,3317,148
90882,135162.03,1655,721,26
98941,134637.52,5456,2476,114
45378,134117.94,637,497,36
V5140,134069.99,540,476,30
88361,132162.78,2890,2384,82
87636,131774.89,1925,1853,85
82374,130559.78,663,449,33
G0463,129958.63,2854,2136,98
S0201,129952.16,2345,267,8
87801,129474.03,5528,5054,89
93015,129451.34,6171,4822,189
99384,127679.53,962,894,50
99235,124659.4,909,837,40
00731,123449.58,2159,1880,117
83992,122342.23,10999,8649,75
D3330,121912.53,243,217,13
76825,121027.38,802,745,45
99345,119422.33,487,487,19
84702,118516.01,38968,30526,886
99479,117471.6,1511,536,38
U0005,117328.1,16451,14119,65
90887,116128.83,1528,481,23
80356,114314.81,11404,8984,76
81003,113982.19,118314,91264,1661
80354,113641.33,11748,9210,95
80346,113508.67,11144,8786,76
J0490,113448.06,103,38,3
85730,113438.18,104457,72225,1199
80367,113366.88,11179,8801,76
80372,113179.98,11163,8795,76
80373,113133.47,11178,8806,75
80361,113013.76,11463,9038,75
80365,112973.83,11487,9060,75
80368,112951.63,11135,8767,75
80348,112783.16,11251,8839,76
87086,112778.81,72918,63712,832
80357,112621.44,11179,8802,75
J0696,112597.41,10851,7614,217
87637,112536.6,1937,1720,62
80366,112476.85,11171,8785,75
85060,112233.71,16895,13990,509
72141,111990.24,561,431,28
88189,111904.65,4936,4487,90
87088,111744.0,36347,30982,587
80358,111472.6,11231,8841,76
D3220,110653.17,6370,2977,170
80360,110645.07,11036,8673,75
80353,110586.31,11209,8831,76
99460,110377.47,1666,1552,98
82435,110274.07,593,439,33
80359,110115.14,11173,8792,75
96110,109386.11,33669,25216,858
99442,108836.47,7018,6080,227
V5090,108733.84,787,718,35
86850,107652.32,72249,58957,825
99382,107539.74,900,869,53
S1040,107277.0,53,43,3
92083,104895.18,1964,1742,65
83880,104146.95,25995,18779,739
80076,102998.68,61376,48948,922
85610,102772.61,134234,82966,1267
97140,101589.07,8469,2339,115
T1024,101422.5,863,826,54
86706,100841.47,841,667,37
80370,99289.04,9690,7432,69
80364,97605.72,9690,7421,69
95912,96574.41,997,760,42
80349,96541.97,10033,7706,103
D0602,96179.99,7936,7874,217
80355,95219.74,8295,6059,56
81002,93818.16,56417,41504,1399
87651,93672.69,16419,15331,337
H0005,92615.75,2690,1776,39
71250,92129.82,1336,1243,66
90686,90826.17,65178,58720,1600
90836,90290.27,2734,2165,89
J2704,89388.35,5492,4152,157
80503,88054.96,18213,11103,141
82803,87648.69,19990,7069,300
99245,87318.72,506,471,26
H2022,86300.0,1039,145,9
73630,86204.63,6944,5366,323
J1642,85418.38,825,118,9
00813,85377.27,1240,1043,57
80334,85249.24,4738,3258,52
D5110,84575.56,131,125,7
17111,84380.71,1524,1425,68
80500,84098.15,22557,16133,206
93975,83964.98,3785,3200,65
87807,83638.37,43395,38353,784
54161,83608.66,298,287,20
T1026,82912.96,593,103,8
92015,82827.83,33222,31574,1112
70553,82342.63,551,505,33
83690,82173.92,100513,83833,1429
G0447,81717.93,39264,35106,1070
87799,81555.3,2429,2242,49
96160,81198.24,42173,36140,668
59425,80785.28,1808,1318,66
95913,80620.55,685,576,28
69210,78442.17,9657,6077,371
H0014,77875.0,276,130,10
H0049,77834.2,14941,13726,315
99254,77710.54,991,780,52
74018,76363.86,7669,6931,304
31575,75687.91,1799,1048,72
D8680,74701.99,916,681,20
88304,74589.88,9347,8583,461
A9900,73062.17,417,376,24
86900,72925.68,107879,89566,1043
82108,72642.65,701,526,27
88264,71691.49,1646,1532,58
73721,71385.4,752,540,36
99070,70732.0,1828,1312,49
95811,70456.6,171,137,9
J0604,70088.78,545,197,15
71260,68935.25,1097,1010,58
88360,68851.42,3578,2899,93
99307,68044.35,23129,14264,347
A5512,67425.98,3405,1467,74
E0676,67353.63,766,571,14
E0431,66577.19,6497,4893,144
S5170,66551.75,1403,634,8
Y7506,66519.65,473,427,20
80323,66109.93,4471,3028,44
87077,65808.52,28308,23140,703
86920,65611.49,6690,4215,164
92558,65510.62,19275,17992,338
77063,65225.79,7671,6399,277
99462,64062.25,2017,1582,93
90785,63980.91,9743,3982,181
D0160,63954.3,261,229,9
95930,63812.63,1095,989,48
96366,63381.99,3742,2161,99
82948,63055.14,16643,7316,318
80338,62941.34,4976,3461,48
99354,62915.47,1574,1004,31
95700,62805.59,114,114,7
80371,62233.75,5219,3691,61
95115,61851.25,7425,3246,178
86901,61643.5,111632,92650,1070
29848,61149.42,91,85,6
G2012,60613.72,10377,8791,57
80339,60237.5,4609,3165,45
J1170,60036.5,15927,2952,145
95813,59873.6,146,145,7
80337,59471.93,4749,3270,53
G0008,58768.35,1578,1349,63
84703,58651.24,40022,33941,857
83605,58583.27,44361,30786,900
D0999,58286.65,1247,1120,29
D9310,58207.82,2563,2342,101
K0001,58061.65,7274,4748,157
0225U,57938.95,632,606,19
G0499,57049.21,608,359,22
93224,56459.78,1770,1427,54
H0046,56086.12,4204,2481,61
76536,55368.18,799,706,45
V5010,54952.98,2269,2105,69
84443,54946.8,42540,31727,795
87081,54592.09,13247,11948,328
80047,54497.92,7536,5849,81
80344,54393.73,4048,2665,29
92273,53735.34,1037,931,45
82550,53371.29,25388,18283,682
D0240,53353.62,3789,2953,139
11042,53323.04,5803,1870,114
82731,53125.21,1384,1150,70
J7510,52966.43,1582,1450,66
D7999,52946.61,595,307,11
80321,52736.94,3632,2361,33
80352,51750.76,4147,2736,51
54300,51612.5,100,92,7
92553,51166.07,3918,3596,154
99480,49638.14,599,213,15
J2405,49510.97,33752,17597,345
G0482,48579.98,3605,2808,76
90716,48553.98,15781,15051,759
99349,47900.06,6639,2281,122
D0191,47217.55,5946,5901,62
99336,47141.52,4380,2863,147
92609,46677.06,342,144,11
97116,46089.02,2842,785,39
95720,45964.6,236,211,14
76775,45888.2,722,677,42
H0048,45881.31,4731,2438,81
90698,45716.63,6455,5975,309
90671,45687.54,3381,3272,140
82306,45657.63,8551,5789,146
J3010,45217.63,4827,3796,132
V2103,45082.84,8437,7879,381
90937,44780.72,610,93,6
J7050,44770.09,7045,3900,214
97162,44754.81,734,655,39
87631,43903.17,868,823,16
87660,43856.3,6652,6218,94
99255,43011.37,512,387,24
A9270,42737.24,9260,2407,91
76820,42584.35,2217,1360,70
99310,42454.32,4925,3222,115
92588,42275.98,6208,4708,268
J3480,42172.11,1280,845,42
80069,42035.55,4071,2033,105
11103,41668.77,1171,1069,66
99224,41300.0,119,109,7
97154,40590.48,678,320,10
99219,39627.61,471,408,27
00840,39548.85,506,462,34
94010,39346.91,3659,3446,165
72110,39330.46,1001,918,39
88291,39006.69,5785,5384,87
95810,38565.45,58,58,4
83655,38146.32,11751,10473,518
X4011,38138.96,188,164,10
96130,38101.21,1037,829,42
D2390,37648.46,1457,415,25
92340,37623.71,9534,8718,424
99443,37237.25,2802,2139,113
86140,36907.63,59248,39672,860
C1769,36763.7,1668,1158,58
92579,36066.09,4163,3752,235
D2335,35953.97,386,141,9
36482,35495.62,79,30,2
94060,35111.21,1176,1056,65
85007,34766.89,28849,13911,407
95951,34248.73,45,43,3
73610,32668.99,2515,2232,133
1126F,32544.81,32111,26823,905
99231,32250.97,2268,865,60
31579,32124.31,327,162,11
74178,32053.0,179,174,11
96376,31340.51,7069,3050,112
87529,31287.86,1819,634,41
59409,30908.67,43,43,3
99350,30423.78,505,361,25
L0648,30388.19,511,500,20
82746,30382.8,8652,5796,161
92508,30106.48,1252,442,20
92504,30019.27,5564,3563,215
73562,29974.65,3370,2845,166
82247,29942.78,41659,18841,491
V2025,29904.95,1650,1512,65
D7230,29890.39,235,117,9
90662,29600.13,604,550,25
99292,29547.61,517,352,19
J1050,29389.2,1094,1050,60
D2330,29252.59,1105,600,36
H0038,29213.82,1010,244,11
V5265,29145.22,356,333,20
84112,28655.21,1826,1586,82
87186,28589.18,18166,14843,483
12011,28582.54,589,539,37
72114,28505.46,397,393,11
D0601,28249.93,12889,12773,326
J2250,28153.29,3107,2514,94
93971,28001.58,1793,1529,103
Z0059,27918.0,4204,2900,52
C1894,27348.99,1356,927,47
97163,27309.22,488,420,29
92587,27205.72,2732,2311,138
H2030,27052.96,358,44,3
96127,26836.84,43132,36107,1138
G0467,26743.75,13101,8834,235
T4534,26709.13,212,205,17
87400,26568.74,9882,5735,129
90677,26364.96,4327,4164,174
G8987,26234.03,357,165,12
J0131,26131.02,6421,2284,83
K0553,25985.52,1212,934,39
80061,25881.08,24205,18371,523
99342,25873.05,320,310,19
76827,25846.61,1212,1068,60
10060,25430.0,2020,1400,83
A4222,24842.23,285,37,3
90633,24725.38,27422,24758,1180
76770,24065.9,470,432,29
A4239,23752.11,828,705,28
74019,23750.69,1787,1712,78
1223Z,23727.57,1099,911,48
G0399,23681.11,229,202,9
82947,23672.32,26408,7575,192
92586,23502.02,1313,907,38
G8988,23117.18,506,198,14
94760,22918.98,6042,3998,136
97166,22798.26,267,207,16
87634,22727.19,3961,2451,54
A0434,22586.7,217,151,12
96165,22543.99,362,117,8
J2785,22476.45,956,713,43
73130,22347.0,1954,1603,102
L2275,22281.31,389,208,15
E1399,22258.43,159,125,9
J0690,22223.62,2939,2150,78
41899,22215.82,90,88,6
87625,22178.62,636,593,35
90715,22083.05,6093,5307,306
93325,21717.77,4789,3690,154
97161,21660.07,968,731,46
L1833,21646.62,371,343,16
99343,21165.0,135,127,5
73100,21005.48,836,582,39
11100,20940.35,281,281,15
97164,20763.27,404,391,26
99217,20751.34,1219,946,63
94664,20710.01,5709,4749,163
0071A,20642.8,848,781,32
99242,20605.73,914,522,26
97813,20426.08,528,174,13
87150,20332.93,619,603,6
86880,20165.5,21274,19527,542
D7111,20145.85,527,309,19
00812,20076.78,268,259,16
00790,19623.72,170,145,11
76942,19509.6,1326,938,67
90961,19425.64,611,417,29
86803,19380.47,1254,1182,62
93922,19298.38,630,559,31
E0673,19296.84,852,627,28
92133,19287.91,1279,1143,56
J1200,19230.1,19786,4246,175
00811,19095.73,327,268,17
90651,19070.82,15340,13186,634
95024,19011.9,59,52,4
A4253,18994.15,5154,3636,86
93320,18993.57,2598,1905,88
92610,18909.77,326,275,19
J2270,18697.96,8786,5380,165
64493,18539.79,117,115,8
82607,18529.89,11162,7574,203
00920,18494.84,256,225,16
95714,18427.13,111,109,7
86704,18160.58,162,130,7
D7283,18029.69,50,31,2
95718,17891.37,144,143,9
73070,17850.55,696,605,41
88112,17774.59,1258,1160,76
3008F,17767.07,254598,207594,4170
D9999,17742.0,960,905,56
95800,17698.82,360,339,21
E0562,17244.1,2496,2326,105
86077,17177.19,665,653,38
1125F,17156.83,6549,5819,285
88121,17044.4,224,193,12
87510,16969.55,2592,2434,60
87480,16945.62,2591,2433,60
11750,16896.88,152,135,10
92551,16814.93,31821,28652,864
73030,16768.09,1452,1218,86
92285,16667.86,712,692,44
99306,16648.94,1153,882,51
G2023,16569.92,2581,2040,32
99464,16510.29,257,247,18
J3490,16278.54,4454,2734,92
D3120,16248.35,9922,5715,297
93970,16194.43,444,359,26
G0283,16169.22,3462,1042,32
99496,16166.62,253,229,16
90648,16147.58,32265,30255,1183
92136,15976.3,555,503,25
92250,15902.26,3166,2872,135
G0480,15610.53,2628,2035,82
83036,15582.72,22243,17646,635
D5120,15434.54,56,56,4
T2025,15310.65,475,255,17
E0470,15270.4,147,126,10
0002A,15234.6,994,915,35
87205,15195.75,19052,13864,508
0072A,15046.96,686,606,25
90474,14796.81,5016,4840,198
0001A,14527.51,1252,1148,38
82248,14436.87,30481,17544,432
15002,14277.32,297,141,10
73110,14186.27,961,827,56
L2280,14149.06,64,37,3
90846,14129.28,132,117,5
99024,14031.88,938,844,45
A5120,13907.05,851,734,46
90700,13860.69,25184,23673,751
J3370,13713.06,388,241,18
99397,13683.53,464,421,27
80362,13600.29,1220,1172,21
1159F,13394.06,99926,82250,1819
86334,13333.86,1996,1739,89
80369,12996.4,1146,1113,18
11900,12875.64,771,702,46
J1815,12828.12,1682,885,62
80305,12634.2,3542,3149,111
97165,12618.28,605,466,32
80324,12603.33,1194,1141,19
J1100,12574.41,11673,7785,238
99490,12564.56,8183,6153,247
93295,12395.33,773,563,24
73221,12230.52,132,71,5
15004,12189.82,124,50,4
72050,12161.61,335,307,19
84165,12123.27,2315,1941,105
95711,12050.64,115,113,7
C1725,11929.34,533,370,24
11730,11852.27,1913,1298,66
96367,11670.58,1290,821,57
S0028,11618.47,1455,1101,48
99335,11592.88,3192,1957,128
86769,11511.96,289,283,5
90853,11497.52,927,294,14
85390,11480.56,3203,1665,74
01961,11440.43,120,107,8
85379,11355.38,19239,13870,618
93297,11353.81,2002,1478,62
2028F,11271.31,738,598,33
A9280,11135.59,608,528,18
93351,11106.55,82,80,6
90674,10888.34,1678,1593,49
81455,10862.2,38,32,2
99000,10798.99,23219,18404,678
E0260,10757.14,733,548,38
1160F,10678.92,193779,170385,2624
20611,10635.99,425,273,19
82570,10511.57,14503,11698,345
D4355,10438.52,750,491,27
87430,10415.05,6505,5598,146
90723,10231.45,12600,11929,518
99402,10126.16,1438,1256,35
64483,10119.02,43,41,3
92550,9926.78,3434,2224,146
92582,9892.97,199,181,7
88120,9864.94,86,79,5
G0101,9829.1,988,959,39
42830,9822.32,25,24,2
A5513,9784.53,453,227,15
76821,9765.4,325,206,14
90688,9764.93,1268,1145,55
90656,9756.02,2747,2711,77
97014,9752.76,972,370,18
70486,9750.19,253,235,17
73564,9649.76,379,266,20
J2370,9602.13,141,110,8
G0500,9546.85,280,248,8
97814,9542.72,523,174,13
96164,9485.5,361,117,8
S5010,9421.65,14,13,1
87045,9391.74,2065,1746,95
36471,9316.41,250,79,6
90707,9306.54,14824,14091,722
99348,9277.65,6196,3139,141
83615,9143.76,8349,5147,224
93990,9099.94,1202,861,49
11043,8937.98,1141,282,19
64495,8928.2,112,110,8
A6402,8924.24,280,223,4
64494,8909.28,113,111,8
90756,8847.16,387,316,14
J2001,8762.92,1215,994,48
72100,8743.78,709,639,47
99499,8635.39,927,743,41
77065,8622.39,407,332,24
V2100,8552.81,2693,2410,125
G8979,8546.55,343,215,15
87428,8505.57,4207,3819,38
71271,8503.56,134,126,9
78815,8493.16,20,13,1
D2934,8468.3,145,55,4
88108,8352.62,1078,866,54
80329,8327.94,3827,1855,80
99468,8283.23,15,14,1
P9603,8203.13,121672,46060,48
77080,8128.11,1131,864,55
88275,8087.98,55,51,4
2001F,8078.34,172466,151692,1471
90839,8066.6,80,42,3
A0100,7960.0,193,117,6
11055,7956.08,923,720,37
99406,7916.53,852,727,36
E1392,7874.25,2247,1693,75
62323,7859.71,52,51,4
72146,7840.11,30,28,2
E0570,7829.43,1584,1103,62
97168,7792.84,90,82,6
V2784,7759.5,4821,4066,203
70491,7728.06,32,27,2
90680,7674.78,27488,25050,1044
D4346,7643.22,264,243,17
99344,7560.0,102,49,3
64415,7526.04,121,116,9
G0181,7504.53,522,518,23
82553,7392.2,931,660,36
51798,7295.42,5489,4181,211
84466,7260.51,1038,861,51
90750,7231.67,66,66,4
S5151,7152.9,223,25,2
87581,7135.06,2203,1994,65
92540,7020.0,47,39,3
T2002,6993.6,930,72,5
87486,6932.76,1718,1551,46
J2469,6864.21,30,26,2
95816,6790.5,174,143,10
20605,6774.74,492,478,27
80202,6736.06,5106,1875,106
90647,6643.1,3146,3097,89
76857,6637.57,1190,1122,57
70551,6612.42,115,102,8
80320,6525.0,3575,2908,135
D0190,6463.58,1825,1808,49
15003,6462.27,30,12,1
20610,6386.07,215,167,12
80074,6324.02,885,722,45
85384,6279.53,9501,5932,253
88365,6149.31,242,201,13
84295,5994.27,125,86,6
0502F,5991.65,183,108,8
95911,5927.82,41,36,2
D2332,5918.47,96,50,4
86738,5896.78,2690,2373,113
17000,5783.34,884,752,49
92555,5560.62,3148,2716,176
84156,5547.98,6767,5027,216
G8991,5461.46,111,48,4
D4342,5379.59,323,70,5
D2331,5312.88,229,100,6
01922,5301.38,76,62,4
A4402,5294.77,78,75,5
0064A,5240.0,239,167,7
74240,5165.61,102,99,7
E0143,5101.59,270,221,14
G0408,5098.15,201,87,4
J7042,5081.07,76,55,4
95923,5064.39,233,199,9
36902,5045.38,25,14,1
82330,5007.05,3423,822,42
99305,4949.89,469,374,25
76870,4935.0,39,39,3
90649,4930.22,759,712,43
J1030,4890.02,928,785,36
J2765,4877.83,3757,3092,128
85014,4868.62,19874,13472,530
80170,4856.47,1825,877,43
G0481,4847.5,987,599,25
99341,4842.9,663,634,33
G8978,4838.36,197,166,11
G0382,4838.25,313,279,13
76937,4738.19,219,161,11
66821,4678.28,46,43,3
77523,4631.51,64,13,1
90682,4628.46,110,110,6
A4314,4603.6,590,466,28
D2150,4589.53,98,84,6
85097,4577.87,239,212,14
80335,4576.38,395,377,11
88302,4465.76,801,685,42
S9088,4464.6,871,740,43
88323,4427.06,140,118,9
90620,4371.97,4827,4502,207
H2011,4350.0,28,26,2
11720,4291.94,2118,1692,54
3074F,4262.93,148605,131302,3148
M0243,4249.53,16,16,1
D9610,4237.8,62,53,3
88300,4209.1,1655,1487,94
S5199,4207.11,132,117,8
V5267,4195.45,42,42,3
87075,4166.64,2685,2095,133
93458,4162.45,13,12,1
J7070,4155.6,2586,560,30
86141,4152.44,6327,4634,109
80350,4141.6,388,370,11
80332,4137.1,390,371,11
72052,4116.75,71,71,4
99173,4111.0,60737,51079,1088
S9131,4102.3,110,12,1
84550,4063.1,10848,7597,369
96368,4029.15,45,44,2
93296,4005.65,1505,1119,29
D1510,4003.3,91,63,5
01810,3982.9,75,63,5
77386,3956.9,40,12,1
95910,3925.9,53,40,3
S2083,3880.06,57,54,4
G8510,3869.24,26909,21791,603
99304,3850.42,449,347,19
90681,3847.54,3761,3499,200
90744,3813.14,10129,9305,436
99050,3762.76,1254,1167,55
Q0162,3761.01,7142,6739,155
J3475,3732.4,559,406,27
93294,3715.87,546,426,17
93298,3697.92,1220,911,60
90935,3687.62,1044,291,19
88142,3662.85,506,470,24
81206,3637.17,288,258,11
Z7502,3603.75,98,96,6
20550,3591.79,164,136,8
84439,3528.2,7959,6415,278
80342,3516.64,390,374,11
92134,3403.49,947,735,52
D8690,3400.0,25,25,2
J2175,3392.5,366,72,5
L1971,3383.72,106,44,3
88271,3376.08,55,51,4
29125,3374.84,309,279,20
L1851,3370.37,153,90,6
85652,3324.79,9482,7854,330
90685,3303.77,2022,1821,95
J7121,3277.1,87,65,4
G0444,3273.12,21514,18763,495
L2270,3226.58,169,93,7
95806,3189.52,30,29,2
91300,3170.9,2001,1602,49
A4221,3166.69,264,76,5
12001,3075.52,103,87,7
85378,3044.12,775,661,31
29540,3023.7,667,639,36
53020,3001.94,123,121,9
G0470,2997.58,14562,3637,73
J1650,2996.35,2147,1046,65
T1014,2985.0,127,124,2
G0108,2968.39,336,311,20
J0360,2952.62,375,234,18
S9451,2951.22,62228,47777,542
99334,2929.57,3359,2580,82
92025,2927.7,172,170,10
83986,2926.12,88,65,4
J7512,2904.26,1325,1089,67
92511,2903.14,13,13,1
D1353,2890.0,1114,268,12
D2950,2880.91,38,34,2
90970,2879.63,989,441,29
77300,2870.68,23,12,1
G8427,2812.2,38034,25508,1199
98977,2805.46,2966,2799,39
D0350,2766.04,2682,2490,71
82272,2758.37,762,627,38
G8990,2751.63,27,12,1
T1013,2727.89,168,163,11
51701,2661.89,1304,1173,50
96161,2656.94,4402,3801,181
S9470,2600.0,2555,2008,77
86592,2595.2,9578,8446,262
99253,2592.39,27,27,2
93356,2578.79,313,258,14
V5011,2573.52,28,24,2
G8417,2561.83,25505,20783,596
90838,2557.26,52,44,3
97158,2552.14,112,79,4
86481,2527.56,32,30,2
80164,2511.47,5292,3128,46
1111F,2508.5,11854,10319,409
A9502,2494.46,53,40,3
86780,2472.04,122,111,7
73502,2456.51,423,305,21
87210,2450.4,3719,3262,152
81270,2448.56,197,182,11
90710,2414.16,3210,2294,128
L0650,2378.87,249,239,17
D9110,2372.03,109,107,7
V5275,2367.0,103,97,7
99072,2350.51,1874,1493,39
99497,2345.3,3409,2692,145
D2140,2344.24,88,61,4
95018,2324.6,40,40,3
93923,2287.53,79,71,4
99053,2278.59,5456,4225,168
86762,2261.51,1204,1129,68
G0439,2244.45,983,864,55
82150,2244.11,3726,2988,160
J2916,2222.1,218,81,6
74022,2158.72,141,128,10
D2940,2149.14,373,127,9
98980,2096.95,2539,2400,37
0031A,2089.13,503,467,23
73080,2030.92,135,117,9
G2025,2029.39,857,588,28
90713,2016.83,17020,16063,527
92226,1963.44,467,217,14
G8420,1952.89,31220,23588,608
A9552,1931.66,44,26,2
D4266,1888.0,23,12,1
77014,1883.57,145,12,1
85046,1873.76,4573,2252,69
99177,1873.27,65510,55350,1384
G8404,1854.03,1815,1234,83
D1310,1842.15,10981,9314,231
90734,1810.92,9043,7876,410
D7280,1774.0,70,43,3
77336,1769.64,278,102,8
99459,1769.52,280,233,15
73090,1751.95,218,196,14
88364,1743.55,50,41,3
T1003,1735.58,79,40,2
88311,1732.39,700,552,37
73560,1711.86,122,108,8
85045,1697.97,4384,2677,157
J3301,1666.18,1838,1643,98
A4259,1657.85,3569,2459,71
95076,1633.4,39,39,3
90658,1613.86,71,71,4
83516,1612.97,282,273,12
80306,1610.88,439,359,18
64484,1600.35,16,16,1
97152,1593.05,46,37,2
3078F,1552.26,143234,123104,3074
95861,1547.55,15,14,1
81279,1539.96,74,70,5
11057,1508.09,243,219,15
93268,1495.11,12,12,1
36416,1459.37,31711,18065,659
A9585,1442.23,42,39,3
88182,1438.37,51,44,3
76882,1431.78,37,36,3
97010,1426.8,418,142,10
99489,1423.64,138,138,7
84166,1410.93,253,199,14
86580,1405.86,393,357,23
74241,1391.22,18,16,1
70496,1379.35,32,25,2
J3420,1366.9,1667,942,58
82465,1362.27,964,770,41
92227,1350.0,68,33,2
52000,1346.45,14,12,1
99366,1344.36,34,34,2
87487,1327.94,250,223,14
V2520,1324.0,39,38,3
76642,1311.22,80,51,4
72131,1303.43,63,51,4
D9986,1296.0,1883,1648,13
D9248,1281.17,13,13,1
17003,1260.62,264,240,18
77072,1255.36,67,67,5
70498,1248.0,34,26,2
00635,1246.35,12,12,1
K0195,1239.77,1998,1121,60
E0261,1231.59,435,292,20
84030,1220.81,3103,2791,84
10040,1202.88,12,12,1
99487,1201.81,220,209,12
73590,1197.92,141,115,8
99318,1173.19,243,156,8
82077,1172.72,1050,867,55
84145,1136.66,3554,1790,89
J1040,1134.98,229,198,15
73140,1125.15,50,38,3
3075F,1078.44,16042,14512,596
81207,1078.43,163,144,8
1158F,1077.37,3908,3369,134
0012A,1074.17,42,39,2
85651,1054.26,4800,3119,142
97750,1051.5,161,152,9
S0119,1046.16,276,266,17
99407,1034.36,81,77,6
99201,1032.1,72,56,3
H1003,1026.02,57,40,3
94618,1005.94,107,100,6
G0279,1003.38,55,50,4
G0270,976.64,217,194,10
97035,968.59,1022,266,17
11104,967.17,20,19,1
Q0091,967.08,1841,1647,91
90696,953.74,1670,1406,92
84157,949.23,1148,929,57
J2791,948.6,129,108,7
0011A,943.06,67,59,4
87389,941.55,244,189,14
G2066,936.86,3085,2190,90
87420,934.69,1155,1115,32
93304,927.27,12,12,1
V2502,923.63,35,32,2
97167,906.14,18,16,1
A7038,905.66,1729,1440,74
86644,902.45,236,116,9
A6222,902.43,107,100,8
99337,900.26,147,110,7
G0381,888.25,26,24,2
G8418,878.48,20908,17425,265
87116,865.86,381,280,19
G2211,861.84,9305,6739,93
81513,855.84,88,69,5
J2720,852.43,55,42,3
69220,834.11,22,14,1
92100,825.13,174,153,9
94375,823.84,15,12,1
77427,818.24,74,24,2
93321,806.97,189,154,11
J7060,806.23,2040,325,15
A7037,805.71,121,105,8
11901,796.32,31,30,2
96417,790.08,15,13,1
92202,783.88,643,586,33
59050,782.67,168,113,8
93880,782.14,13,12,1
11765,763.92,188,122,9
87209,751.99,76,59,4
86886,742.81,3060,2734,89
G0508,733.17,13,13,1
J2930,732.12,483,390,29
99236,728.94,16,12,1
84300,716.8,311,212,16
31500,715.62,15,12,1
1170F,707.9,14144,11226,434
99226,707.5,39,26,2
L2397,706.29,248,169,11
90962,699.13,39,26,2
G0511,691.65,279,250,15
A4604,685.61,915,729,47
G0407,682.93,43,38,3
L3809,668.57,57,38,3
85576,665.14,96,60,4
99225,654.16,47,24,2
A4550,653.59,13,13,1
86922,648.52,29,25,2
J2543,631.28,254,87,7
11755,625.46,15,15,1
98925,612.86,47,42,3
76881,607.05,13,13,1
P9016,606.78,35,25,2
82140,606.31,611,277,20
77073,604.76,14,14,1
L3916,591.12,49,29,2
L3960,587.93,55,51,4
88104,582.24,100,64,4
87496,576.4,139,134,9
99439,555.61,342,341,16
K1034,554.88,4397,4376,21
96415,551.34,12,12,1
J2920,542.6,442,307,21
15273,539.35,25,13,1
1000F,538.91,40597,30055,857
L0642,523.1,26,26,2
H0050,522.48,50,39,3
G0127,515.46,869,580,12
72081,511.36,14,14,1
86703,492.14,688,586,34
D7311,486.12,84,68,5
72275,485.82,42,41,3
99495,483.07,33,26,2
87324,479.96,288,226,16
96156,477.99,4049,4020,87
A4927,476.12,49,49,4
G0180,467.61,115,114,8
67028,466.85,14,12,1
77003,462.57,137,130,6
96040,460.72,13,12,1
A7035,449.09,398,334,24
D9430,448.0,14,12,1
86787,447.18,244,228,14
99326,442.68,13,13,1
90621,440.83,175,168,12
85008,432.48,4097,2626,108
C1729,431.75,216,181,11
S9999,426.56,59,48,3
93018,426.1,38,38,3
87899,421.16,512,461,31
10140,419.42,42,26,2
J0456,417.48,33,26,2
G0446,403.52,859,772,21
88188,400.14,13,13,1
84134,398.25,246,127,9
81000,395.22,2095,1405,73
11719,385.86,1174,1036,41
81403,382.4,28,28,2
3079F,379.65,31217,27148,1036
00142,376.79,21,15,1
11105,375.39,20,19,1
3288F,373.49,8168,6867,273
90661,367.93,65,62,4
G6002,367.06,64,13,1
3044F,364.95,9226,8523,326
51784,360.17,57,39,3
87449,333.98,350,255,17
84153,333.54,512,319,22
92225,332.54,683,291,12
G0471,332.32,118219,43963,51
70210,325.95,53,51,4
1220F,319.18,14600,11841,433
D0270,317.05,622,567,33
1036F,310.38,41755,33952,960
99417,309.91,15,15,1
64450,309.61,13,12,1
99356,302.92,20,13,1
89051,302.33,357,280,20
72040,300.76,72,62,5
87106,294.38,199,154,11
A7031,289.62,257,234,17
82270,286.94,214,192,14
97760,283.41,26,26,2
90657,276.27,62,59,3
2010F,273.41,7295,6276,139
87206,270.76,369,278,20
86328,262.23,586,200,12
A4351,261.32,805,496,29
84436,261.31,1476,951,45
93016,260.44,37,37,2
V2522,259.08,15,15,1
84478,257.69,592,134,10
90653,252.4,20,20,1
94761,248.61,263,220,9
91301,247.53,176,135,9
87076,245.35,305,283,18
G0379,244.15,13,12,1
99174,237.54,1237,751,25
A4256,236.15,738,528,24
0003A,235.2,23,14,1
31720,231.97,81,68,5
73600,231.04,29,23,1
76377,230.42,14,12,1
E2611,217.61,43,14,1
86885,216.99,329,285,18
0013A,214.17,37,24,2
A7016,213.57,809,263,18
A7015,212.07,320,258,15
A7034,206.53,327,242,18
82533,204.1,52,45,3
3725F,203.23,39737,33536,1226
80347,201.4,16,15,1
87641,200.44,62,53,4
A7032,194.63,29,24,2
85362,194.4,1045,780,49
88280,193.29,14,13,1
V2745,192.16,2585,2486,110
87147,191.64,647,388,22
87015,190.0,344,265,19
29515,189.0,16,13,1
D4921,187.26,1115,387,27
80363,184.49,137,128,7
V2755,184.18,3568,2974,137
87640,182.55,27,26,2
72170,182.06,55,19,1
80326,182.05,16,15,1
D9996,178.78,14,14,1
99422,178.73,91,69,3
J1020,177.33,115,106,8
87802,176.5,15,12,1
86403,176.48,69,56,4
94667,175.65,330,112,8
86038,175.04,109,87,7
99423,174.92,15,14,1
A7030,169.05,92,83,6
86308,166.76,483,440,31
89050,165.04,181,129,9
3014F,163.93,538,492,27
82951,161.63,77,77,6
81479,160.68,12,12,1
0134A,160.0,24,24,1
90473,159.84,95,94,6
80185,159.74,249,116,9
69209,153.06,60,49,4
93308,152.48,13,13,1
A7003,147.44,734,253,17
92020,144.75,113,97,7
86800,142.35,15,15,1
E0607,142.16,25,12,1
V2750,140.0,629,562,37
99358,136.96,201,176,11
84681,134.88,13,13,1
86318,133.69,28,27,2
92341,133.01,668,662,33
86255,132.89,70,65,5
84311,131.1,35,27,1
99484,128.78,147,108,3
98981,127.82,179,170,6
J2360,127.21,395,342,21
J2060,126.55,798,626,40
86376,125.76,16,16,1
82010,124.9,469,305,21
G8431,124.5,6986,3612,147
90619,122.94,1439,1390,73
84480,122.56,16,16,1
V2410,122.18,163,149,7
3016F,121.29,5595,5283,192
99172,120.12,31,31,2
A5514,119.34,25,12,1
98928,118.68,72,31,2
87102,118.38,298,222,15
99491,115.56,189,151,10
96138,110.88,81,69,2
99421,110.81,16,14,1
V2799,109.02,273,241,14
87806,107.81,510,463,30
D0250,106.08,56,56,3
J2550,103.4,258,215,15
99001,103.33,56,53,3
11740,103.22,23,16,1
84479,102.62,79,58,4
3351F,100.88,33889,26249,898
98975,100.37,309,296,16
3061F,100.19,287,256,13
85380,100.17,195,179,13
S0257,100.0,4511,3403,113
85044,98.85,154,96,7
87650,92.4,27,27,2
82043,90.31,83,69,5
99347,87.91,95,68,4
82784,87.82,105,62,5
J0735,85.45,49,42,3
93042,84.9,31,16,1
83020,82.44,56,32,2
99152,79.02,62,39,3
A4258,77.35,486,308,20
4013F,77.23,5001,3951,157
99447,75.98,19,16,1
90697,75.9,5607,4236,211
87507,75.42,32,27,2
3077F,75.04,5624,4856,255
G9920,72.19,662,656,26
J0895,70.27,39,12,1
81005,69.71,93,93,4
82977,69.38,83,53,4
3045F,68.63,111,93,6
88363,68.34,12,12,1
G8754,67.26,10542,7870,363
G0268,66.25,16,12,1
P9604,65.53,1889,537,33
87808,63.87,864,781,44
J3415,63.44,26,12,1
87177,63.35,77,60,4
G0438,63.35,136,132,7
80050,61.79,98,98,6
4010F,53.64,6157,4892,214
G0506,53.26,13,13,1
86665,50.48,27,24,2
99408,49.58,938,858,45
98927,48.76,25,12,1
J1171,48.35,226,71,5
E2601,47.23,43,14,1
68761,46.47,30,12,1
G8753,44.15,332,271,17
90655,42.52,634,617,29
J7613,41.58,741,643,34
87328,41.3,16,14,1
85049,41.19,282,182,12
82945,38.86,134,114,9
3017F,37.83,698,596,34
1101F,37.83,5733,4529,174
0513F,37.83,2610,1827,69
87425,36.53,24,18,1
G8783,36.49,3244,2192,124
51741,31.89,55,38,3
82378,31.6,20,13,1
G0442,31.25,6653,5214,168
Q4012,30.06,12,12,1
0521F,28.34,3020,2624,63
85461,25.57,47,43,3
3048F,25.51,426,364,22
83721,23.41,25,17,1
85660,22.59,34,26,2
G0145,21.9,374,298,18
91307,21.76,1428,1131,38
G0406,21.03,163,128,6
C9803,19.71,65,57,4
G0476,19.44,88,73,5
89055,18.23,12,12,1
82009,18.01,86,65,5
84481,17.6,13,12,1
82274,16.68,76,55,4
99446,14.27,42,41,3
86664,14.2,27,24,2
4551F,14.17,1221,1117,27
1034F,14.17,2834,2469,131
G8483,14.17,1215,1004,39
3049F,14.17,346,308,18
A7046,14.03,73,59,4
A4301,13.48,5565,569,26
4000F,12.61,3621,3050,131
4086F,12.61,914,719,37
87341,12.32,17,13,1
A7033,11.97,27,24,2
86663,11.35,27,24,2
3080F,11.07,1573,1368,86
G0433,9.28,37,37,3
87329,7.76,16,14,1
85347,7.15,21,12,1
15271,6.3,34,16,1
G8752,3.8,9148,6856,329
J1245,2.52,65,40,3
80179,2.24,15,14,1
92593,0.6,13,12,1
90660,0.04,14,14,1
1090F,0.0,974,816,35
D9993,0.0,8786,8628,210
1123F,0.0,5580,4146,176
4450F,0.0,14,13,1
G8734,0.0,4465,1000,54
2000F,0.0,22438,17970,499
G2178,0.0,585,451,30
91311,0.0,147,132,8
G9903,0.0,6018,3430,146
3050F,0.0,278,246,16
2019F,0.0,612,483,23
G0117,0.0,1637,1389,64
G9771,0.0,675,522,36
G8428,0.0,291,169,10
4004F,0.0,2349,1576,75
G1004,0.0,731,531,31
3353F,0.0,135,135,7
G0257,0.0,39,28,2
G2197,0.0,1441,359,23
G9655,0.0,1127,844,50
C1757,0.0,19,14,1
3015F,0.0,633,563,34
2022F,0.0,1076,962,42
3319F,0.0,17,16,1
87184,0.0,44,17,1
G0152,0.0,331,164,11
G0009,0.0,55,45,3
G8950,0.0,4129,2227,105
G8938,0.0,634,542,21
1157F,0.0,1192,1116,50
86923,0.0,352,217,16
G9642,0.0,201,149,12
G8416,0.0,960,722,37
G9656,0.0,1220,826,54
H0002,0.0,100,96,6
L8699,0.0,166,161,11
D9630,0.0,434,380,24
91308,0.0,45,43,3
1031F,0.0,15400,13879,110
3011F,0.0,433,404,13
G9637,0.0,1633,1145,59
G0469,0.0,191,155,10
1124F,0.0,1337,1066,59
4008F,0.0,108,89,6
A0422,0.0,70,61,4
Q5001,0.0,1099,881,52
G8422,0.0,1082,713,6
99429,0.0,31,31,1
G8708,0.0,98,73,4
G8907,0.0,131,107,8
1003F,0.0,141,134,6
J7620,0.0,35,30,2
J2272,0.0,165,126,6
29105,0.0,14,12,1
92342,0.0,835,742,41
D5899,0.0,57,26,2
G8482,0.0,521,445,26
A4216,0.0,32,29,2
G0151,0.0,2549,856,44
3072F,0.0,364,273,15
3352F,0.0,246,238,14
D9612,0.0,559,497,9
G0299,0.0,5972,823,43
0518F,0.0,909,840,45
G8755,0.0,50,42,3
G9008,0.0,46,30,2
G9919,0.0,81,81,5
G8419,0.0,2155,1769,79
G9678,0.0,540,451,32
G8598,0.0,1192,944,48
86705,0.0,88,74,4
99409,0.0,411,273,12
Z1034,0.0,953,732,40
G0157,0.0,2199,355,24
T1016,0.0,116,90,6
92546,0.0,45,38,3
4120F,0.0,316,276,18
V2756,0.0,834,741,41
4293F,0.0,1942,1911,34
87810,0.0,153,127,6
0509F,0.0,19,19,1
G9756,0.0,45,36,3
M1207,0.0,271,218,14
87493,0.0,15,12,1
G8952,0.0,115,115,8
J0561,0.0,54,54,3
87563,0.0,370,199,14
G9658,0.0,288,171,11
G8731,0.0,491,418,24
A4617,0.0,171,154,9
Q5002,0.0,350,298,20
Q0511,0.0,14,13,1
T1023,0.0,232,144,7
A9575,0.0,330,192,13
4040F,0.0,233,218,12
G9664,0.0,159,109,8
G8918,0.0,87,67,5
C9399,0.0,25,17,1
J0702,0.0,200,158,11
V2200,0.0,508,503,23
80143,0.0,16,12,1
J8540,0.0,105,103,7
G0443,0.0,17,14,1
99498,0.0,22,19,1
3051F,0.0,73,70,5
80162,0.0,160,99,7
D0431,0.0,30,30,2
Z1032,0.0,40,40,3
G9643,0.0,50,36,3
G0162,0.0,189,126,8
G9197,0.0,14,13,1
Q2037,0.0,44,44,2
G2121,0.0,15,14,1
3754F,0.0,421,419,13
1030F,0.0,51,50,2
4050F,0.0,143,105,7
G9432,0.0,59,56,3
G1010,0.0,156,113,6
89190,0.0,55,52,4
0004A,0.0,17,16,1
G8433,0.0,244,236,9
G0159,0.0,72,37,3
M1208,0.0,40,28,2
99080,0.0,183,106,7
J1741,0.0,34,27,2
G9745,0.0,80,79,5
3028F,0.0,97,93,7
A6449,0.0,18,14,1
99483,0.0,54,46,3
G8730,0.0,30,28,2
91306,0.0,72,72,3
Z6410,0.0,96,51,4
82375,0.0,31,24,2
G9551,0.0,98,89,7
87046,0.0,30,29,2
G8935,0.0,114,72,5
M0220,0.0,357,87,3
G8484,0.0,562,491,15
90694,0.0,47,40,2
4192F,0.0,17,17,1
C9113,0.0,207,107,8
G0300,0.0,423,91,7
87101,0.0,20,14,1
G9902,0.0,94,65,4
H0033,0.0,117,51,3
Q0144,0.0,102,91,6
3062F,0.0,14,12,1
90672,0.0,65,65,4
D0340,0.0,74,74,4
V2203,0.0,28,28,2
Q9966,0.0,17,14,1
G9512,0.0,178,161,5
96380,0.0,12,12,1
G1003,0.0,64,48,3
G8732,0.0,12,12,1
99457,0.0,65,65,5
0500F,0.0,31,30,2
1033F,0.0,151,148,8
99325,0.0,42,33,2
M0244,0.0,21,20,1
A6258,0.0,12,12,1
0501F,0.0,27,15,1
96132,0.0,22,16,1
D0470,0.0,13,13,1
S0077,0.0,64,26,2
Q0513,0.0,54,54,1
1035F,0.0,17,13,1
G9226,0.0,12,12,1
S0020,0.0,15,15,1
G9744,0.0,40,40,3
0001F,0.0,46,44,2
83037,0.0,12,12,1
J0741,0.0,12,12,1
11000,0.0,39,24,2
82575,0.0,13,13,1
J3411,0.0,24,12,1
1100F,0.0,93,90,4
Q2035,0.0,39,30,2
36430,0.0,30,25,2
3046F,0.0,69,69,5
G9557,0.0,13,13,1
96136,0.0,22,17,1
G9521,0.0,45,44,2
A0888,0.0,35,32,2
2023F,0.0,39,33,2
29505,0.0,13,13,1
J2710,0.0,23,18,1
82044,0.0,12,12,1
90732,0.0,71,46,3
3066F,0.0,19,15,1
Q0244,0.0,14,14,1
G9990,0.0,24,12,1
G9497,0.0,35,24,2
A9576,0.0,12,12,1
1494F,0.0,14,14,1
4044F,0.0,14,13,1
G2064,0.0,26,15,1
G9717,0.0,128,42,2
4037F,0.0,23,20,1
J1953,0.0,56,47,3
3210F,0.0,32,24,2
G9991,0.0,12,12,1
59426,0.0,50,31,2
Q2038,0.0,12,12,1
G9638,0.0,14,12,1
G0158,0.0,63,12,1
92537,0.0,17,14,1
4025F,0.0,23,19,1
2014F,0.0,15,13,1
G8967,0.0,14,13,1
