date,fl_unemployment_rate,fl_total_payrolls,fl_manufacturing_payrolls,fl_private_building_permits,fl_initial_claims
1976-01-01,9.6,,,,
1976-02-01,9.7,,,,
1976-03-01,9.6,,,,
1976-04-01,9.5,,,,
1976-05-01,9.3,,,,
1976-06-01,9.1,,,,
1976-07-01,9.0,,,,
1976-08-01,9.0,,,,
1976-09-01,9.0,,,,
1976-10-01,9.0,,,,
1976-11-01,9.1,,,,
1976-12-01,9.1,,,,
1977-01-01,9.1,,,,
1977-02-01,9.0,,,,
1977-03-01,8.9,,,,
1977-04-01,8.7,,,,
1977-05-01,8.5,,,,
1977-06-01,8.4,,,,
1977-07-01,8.2,,,,
1977-08-01,8.0,,,,
1977-09-01,7.9,,,,
1977-10-01,7.7,,,,
1977-11-01,7.5,,,,
1977-12-01,7.3,,,,
1978-01-01,7.2,,,,
1978-02-01,7.0,,,,
1978-03-01,6.9,,,,
1978-04-01,6.9,,,,
1978-05-01,6.8,,,,
1978-06-01,6.8,,,,
1978-07-01,6.7,,,,
1978-08-01,6.7,,,,
1978-09-01,6.7,,,,
1978-10-01,6.6,,,,
1978-11-01,6.6,,,,
1978-12-01,6.6,,,,
1979-01-01,6.5,,,,
1979-02-01,6.4,,,,
1979-03-01,6.3,,,,
1979-04-01,6.1,,,,
1979-05-01,6.0,,,,
1979-06-01,6.0,,,,
1979-07-01,5.9,,,,
1979-08-01,5.8,,,,
1979-09-01,5.8,,,,
1979-10-01,5.7,,,,
1979-11-01,5.6,,,,
1979-12-01,5.6,,,,
1980-01-01,5.5,,,,
1980-02-01,5.6,,,,
1980-03-01,5.7,,,,
1980-04-01,5.9,,,,
1980-05-01,6.0,,,,
1980-06-01,6.1,,,,
1980-07-01,6.2,,,,
1980-08-01,6.2,,,,
1980-09-01,6.2,,,,
1980-10-01,6.1,,,,
1980-11-01,6.1,,,,
1980-12-01,6.2,,,,
1981-01-01,6.2,,,,
1981-02-01,6.3,,,,
1981-03-01,6.4,,,,
1981-04-01,6.5,,,,
1981-05-01,6.5,,,,
1981-06-01,6.6,,,,
1981-07-01,6.7,,,,
1981-08-01,6.8,,,,
1981-09-01,7.0,,,,
1981-10-01,7.2,,,,
1981-11-01,7.4,,,,
1981-12-01,7.6,,,,
1982-01-01,7.7,,,,
1982-02-01,7.9,,,,
1982-03-01,8.1,,,,
1982-04-01,8.2,,,,
1982-05-01,8.3,,,,
1982-06-01,8.4,,,,
1982-07-01,8.5,,,,
1982-08-01,8.7,,,,
1982-09-01,8.9,,,,
1982-10-01,9.1,,,,
1982-11-01,9.3,,,,
1982-12-01,9.4,,,,
1983-01-01,9.4,,,,
1983-02-01,9.4,,,,
1983-03-01,9.3,,,,
1983-04-01,9.2,,,,
1983-05-01,9.0,,,,
1983-06-01,8.9,,,,
1983-07-01,8.7,,,,
1983-08-01,8.4,,,,
1983-09-01,8.2,,,,
1983-10-01,7.9,,,,
1983-11-01,7.7,,,,
1983-12-01,7.4,,,,
1984-01-01,7.2,,,,
1984-02-01,7.0,,,,
1984-03-01,6.8,,,,
1984-04-01,6.7,,,,
1984-05-01,6.6,,,,
1984-06-01,6.5,,,,
1984-07-01,6.5,,,,
1984-08-01,6.4,,,,
1984-09-01,6.4,,,,
1984-10-01,6.4,,,,
1984-11-01,6.3,,,,
1984-12-01,6.3,,,,
1985-01-01,6.3,,,,
1985-02-01,6.3,,,,
1985-03-01,6.3,,,,
1985-04-01,6.2,,,,
1985-05-01,6.2,,,,
1985-06-01,6.2,,,,
1985-07-01,6.1,,,,
1985-08-01,6.0,,,,
1985-09-01,6.0,,,,
1985-10-01,5.9,,,,
1985-11-01,5.8,,,,
1985-12-01,5.8,,,,
1986-01-01,5.8,,,,
1986-02-01,5.8,,,,
1986-02-15,,,,,7266.0
1986-02-22,,,,,7273.0
1986-03-01,5.9,,,,7054.0
1986-03-08,,,,,7577.0
1986-03-15,,,,,7437.0
1986-03-22,,,,,7019.0
1986-03-29,,,,,6844.0
1986-04-01,5.9,,,,
1986-04-05,,,,,8050.0
1986-04-12,,,,,8386.0
1986-04-19,,,,,7660.0
1986-04-26,,,,,7004.0
1986-05-01,5.9,,,,
1986-05-03,,,,,7201.0
1986-05-10,,,,,7742.0
1986-05-17,,,,,7559.0
1986-05-24,,,,,7276.0
1986-05-31,,,,,5896.0
1986-06-01,5.9,,,,
1986-06-07,,,,,8387.0
1986-06-14,,,,,8394.0
1986-06-21,,,,,8549.0
1986-06-28,,,,,8633.0
1986-07-01,5.9,,,,
1986-07-05,,,,,9693.0
1986-07-12,,,,,11127.0
1986-07-19,,,,,4204.0
1986-07-26,,,,,7924.0
1986-08-01,5.9,,,,
1986-08-02,,,,,7504.0
1986-08-09,,,,,7493.0
1986-08-16,,,,,6939.0
1986-08-23,,,,,7446.0
1986-08-30,,,,,6632.0
1986-09-01,5.9,,,,
1986-09-06,,,,,6461.0
1986-09-13,,,,,7303.0
1986-09-20,,,,,7262.0
1986-09-27,,,,,6704.0
1986-10-01,5.8,,,,
1986-10-04,,,,,7314.0
1986-10-11,,,,,7203.0
1986-10-18,,,,,6489.0
1986-10-25,,,,,6773.0
1986-11-01,5.8,,,,6871.0
1986-11-08,,,,,7292.0
1986-11-15,,,,,6266.0
1986-11-22,,,,,6992.0
1986-11-29,,,,,4285.0
1986-12-01,5.8,,,,
1986-12-06,,,,,7290.0
1986-12-13,,,,,6531.0
1986-12-20,,,,,6620.0
1986-12-27,,,,,4281.0
1987-01-01,5.7,,,,
1987-01-03,,,,,6107.0
1987-01-10,,,,,9088.0
1987-01-17,,,,,8216.0
1987-01-24,,,,,6407.0
1987-01-31,,,,,7106.0
1987-02-01,5.6,,,,
1987-02-07,,,,,7668.0
1987-02-14,,,,,6875.0
1987-02-21,,,,,6291.0
1987-02-28,,,,,6442.0
1987-03-01,5.6,,,,
1987-03-07,,,,,6531.0
1987-03-14,,,,,6796.0
1987-03-21,,,,,5675.0
1987-03-28,,,,,5819.0
1987-04-01,5.5,,,,
1987-04-04,,,,,6656.0
1987-04-11,,,,,6778.0
1987-04-18,,,,,6331.0
1987-04-25,,,,,5885.0
1987-05-01,5.4,,,,
1987-05-02,,,,,6468.0
1987-05-09,,,,,6754.0
1987-05-16,,,,,6320.0
1987-05-23,,,,,6770.0
1987-05-30,,,,,5469.0
1987-06-01,5.4,,,,
1987-06-06,,,,,7847.0
1987-06-13,,,,,7705.0
1987-06-20,,,,,7382.0
1987-06-27,,,,,8066.0
1987-07-01,5.3,,,,
1987-07-04,,,,,7769.0
1987-07-11,,,,,10690.0
1987-07-18,,,,,8599.0
1987-07-25,,,,,7181.0
1987-08-01,5.3,,,,5893.0
1987-08-08,,,,,6933.0
1987-08-15,,,,,6093.0
1987-08-22,,,,,5951.0
1987-08-29,,,,,5952.0
1987-09-01,5.3,,,,
1987-09-05,,,,,6376.0
1987-09-12,,,,,5214.0
1987-09-19,,,,,6114.0
1987-09-26,,,,,5333.0
1987-10-01,5.3,,,,
1987-10-03,,,,,5381.0
1987-10-10,,,,,7585.0
1987-10-17,,,,,5485.0
1987-10-24,,,,,6228.0
1987-10-31,,,,,5843.0
1987-11-01,5.2,,,,
1987-11-07,,,,,6686.0
1987-11-14,,,,,6002.0
1987-11-21,,,,,6446.0
1987-11-28,,,,,4301.0
1987-12-01,5.2,,,,
1987-12-05,,,,,6773.0
1987-12-12,,,,,6061.0
1987-12-19,,,,,6224.0
1987-12-26,,,,,5129.0
1988-01-01,5.2,,,12988.2231927559,
1988-01-02,,,,,4642.0
1988-01-09,,,,,8701.0
1988-01-16,,,,,7503.0
1988-01-23,,,,,6479.0
1988-01-30,,,,,6980.0
1988-02-01,5.2,,,13505.1002399813,
1988-02-06,,,,,6648.0
1988-02-13,,,,,6375.0
1988-02-20,,,,,6355.0
1988-02-27,,,,,6394.0
1988-03-01,5.2,,,15176.3083248239,
1988-03-05,,,,,6503.0
1988-03-12,,,,,6315.0
1988-03-19,,,,,5885.0
1988-03-26,,,,,6009.0
1988-04-01,5.1,,,13369.1271820335,
1988-04-02,,,,,5605.0
1988-04-09,,,,,6882.0
1988-04-16,,,,,6500.0
1988-04-23,,,,,5818.0
1988-04-30,,,,,5798.0
1988-05-01,5.1,,,13153.793697682,
1988-05-07,,,,,6488.0
1988-05-14,,,,,6992.0
1988-05-21,,,,,6482.0
1988-05-28,,,,,6696.0
1988-06-01,5.1,,,15529.9602914969,
1988-06-04,,,,,5924.0
1988-06-11,,,,,7850.0
1988-06-18,,,,,7605.0
1988-06-25,,,,,8049.0
1988-07-01,5.1,,,12959.5708251569,
1988-07-02,,,,,7393.0
1988-07-09,,,,,8489.0
1988-07-16,,,,,9916.0
1988-07-23,,,,,7720.0
1988-07-30,,,,,7373.0
1988-08-01,5.2,,,14961.2702848638,
1988-08-06,,,,,7114.0
1988-08-13,,,,,6551.0
1988-08-20,,,,,6524.0
1988-08-27,,,,,6393.0
1988-09-01,5.2,,,15540.2052624391,
1988-09-03,,,,,6632.0
1988-09-10,,,,,5204.0
1988-09-17,,,,,7357.0
1988-09-24,,,,,6315.0
1988-10-01,5.3,,,14373.0322206252,5707.0
1988-10-08,,,,,7272.0
1988-10-15,,,,,6883.0
1988-10-22,,,,,6390.0
1988-10-29,,,,,6216.0
1988-11-01,5.3,,,15305.5344279322,
1988-11-05,,,,,6540.0
1988-11-12,,,,,5825.0
1988-11-19,,,,,7356.0
1988-11-26,,,,,4280.0
1988-12-01,5.3,,,14430.0360536586,
1988-12-03,,,,,6560.0
1988-12-10,,,,,6622.0
1988-12-17,,,,,5972.0
1988-12-24,,,,,6306.0
1988-12-31,,,,,4350.0
1989-01-01,5.4,,,14946.316296122,
1989-01-07,,,,,5489.0
1989-01-14,,,,,8302.0
1989-01-21,,,,,6270.0
1989-01-28,,,,,7144.0
1989-02-01,5.4,,,14854.9009104043,
1989-02-04,,,,,7384.0
1989-02-11,,,,,6963.0
1989-02-18,,,,,6340.0
1989-02-25,,,,,5720.0
1989-03-01,5.5,,,13668.3594113831,
1989-03-04,,,,,6550.0
1989-03-11,,,,,10072.0
1989-03-18,,,,,9316.0
1989-03-25,,,,,6676.0
1989-04-01,5.5,,,13946.0190110047,5807.0
1989-04-08,,,,,7759.0
1989-04-15,,,,,6646.0
1989-04-22,,,,,6496.0
1989-04-29,,,,,6591.0
1989-05-01,5.6,,,15160.9173763638,
1989-05-06,,,,,7331.0
1989-05-13,,,,,7153.0
1989-05-20,,,,,7681.0
1989-05-27,,,,,7804.0
1989-06-01,5.6,,,14164.1927276301,
1989-06-03,,,,,6755.0
1989-06-10,,,,,8713.0
1989-06-17,,,,,8564.0
1989-06-24,,,,,8551.0
1989-07-01,5.6,,,11134.8563759023,8813.0
1989-07-08,,,,,9236.0
1989-07-15,,,,,9520.0
1989-07-22,,,,,10262.0
1989-07-29,,,,,8189.0
1989-08-01,5.7,,,13188.8117073692,
1989-08-05,,,,,7506.0
1989-08-12,,,,,8952.0
1989-08-19,,,,,7556.0
1989-08-26,,,,,7115.0
1989-09-01,5.7,,,13155.8822855573,
1989-09-02,,,,,6629.0
1989-09-09,,,,,5981.0
1989-09-16,,,,,7908.0
1989-09-23,,,,,6630.0
1989-09-30,,,,,6595.0
1989-10-01,5.7,,,13445.4863831629,
1989-10-07,,,,,8660.0
1989-10-14,,,,,7322.0
1989-10-21,,,,,7315.0
1989-10-28,,,,,7107.0
1989-11-01,5.8,,,13385.6473791842,
1989-11-04,,,,,7444.0
1989-11-11,,,,,6494.0
1989-11-18,,,,,8173.0
1989-11-25,,,,,5149.0
1989-12-01,5.8,,,12427.1859474519,
1989-12-02,,,,,7780.0
1989-12-09,,,,,8186.0
1989-12-16,,,,,6856.0
1989-12-23,,,,,7468.0
1989-12-30,,,,,5562.0
1990-01-01,5.8,5382.3,521.3,16403.8103120998,
1990-01-06,,,,,8951.0
1990-01-13,,,,,12415.0
1990-01-20,,,,,9301.0
1990-01-27,,,,,9804.0
1990-02-01,5.8,5393.1,519.9,10363.8305950898,
1990-02-03,,,,,10224.0
1990-02-10,,,,,10146.0
1990-02-17,,,,,9514.0
1990-02-24,,,,,8431.0
1990-03-01,5.8,5399.7,517.8,11886.3404196596,
1990-03-03,,,,,9755.0
1990-03-10,,,,,10225.0
1990-03-17,,,,,8871.0
1990-03-24,,,,,8292.0
1990-03-31,,,,,7689.0
1990-04-01,5.9,5402.8,513.4,11687.3093950959,
1990-04-07,,,,,9211.0
1990-04-14,,,,,8642.0
1990-04-21,,,,,8511.0
1990-04-28,,,,,8414.0
1990-05-01,5.9,5410.3,513.2,10445.1353761945,
1990-05-05,,,,,8989.0
1990-05-12,,,,,8818.0
1990-05-19,,,,,8528.0
1990-05-26,,,,,8808.0
1990-06-01,6.0,5412.1,511.9,9994.10463982429,
1990-06-02,,,,,7140.0
1990-06-09,,,,,10398.0
1990-06-16,,,,,10183.0
1990-06-23,,,,,9968.0
1990-06-30,,,,,8873.0
1990-07-01,6.1,5400.3,508.9,10364.4780105206,
1990-07-07,,,,,10447.0
1990-07-14,,,,,12901.0
1990-07-21,,,,,11039.0
1990-07-28,,,,,10103.0
1990-08-01,6.3,5402.2,506.7,10467.1626968144,
1990-08-04,,,,,10232.0
1990-08-11,,,,,9841.0
1990-08-18,,,,,9443.0
1990-08-25,,,,,9003.0
1990-09-01,6.4,5396.2,504.4,9151.63627175816,10655.0
1990-09-08,,,,,8858.0
1990-09-15,,,,,10624.0
1990-09-22,,,,,9515.0
1990-09-29,,,,,7897.0
1990-10-01,6.6,5386.9,500.0,9038.32258043167,
1990-10-06,,,,,10689.0
1990-10-13,,,,,11521.0
1990-10-20,,,,,10984.0
1990-10-27,,,,,10674.0
1990-11-01,6.7,5372.0,497.0,10118.4838436715,
1990-11-03,,,,,10071.0
1990-11-10,,,,,11625.0
1990-11-17,,,,,9030.0
1990-11-24,,,,,7875.0
1990-12-01,6.9,5363.3,495.2,7474.30717492019,12173.0
1990-12-08,,,,,12853.0
1990-12-15,,,,,10420.0
1990-12-22,,,,,11530.0
1990-12-29,,,,,8862.0
1991-01-01,7.0,5341.3,488.8,7735.71304034121,
1991-01-05,,,,,9427.0
1991-01-12,,,,,15416.0
1991-01-19,,,,,12714.0
1991-01-26,,,,,12300.0
1991-02-01,7.2,5317.4,485.6,7870.0407184276,
1991-02-02,,,,,19892.0
1991-02-09,,,,,13757.0
1991-02-16,,,,,13541.0
1991-02-23,,,,,12372.0
1991-03-01,7.3,5302.8,483.0,7248.16509042776,
1991-03-02,,,,,11875.0
1991-03-09,,,,,12656.0
1991-03-16,,,,,11217.0
1991-03-23,,,,,10484.0
1991-03-30,,,,,9734.0
1991-04-01,7.4,5294.0,480.7,8245.65035314574,
1991-04-06,,,,,13243.0
1991-04-13,,,,,11950.0
1991-04-20,,,,,11779.0
1991-04-27,,,,,10913.0
1991-05-01,7.6,5291.2,478.8,8941.65578822754,
1991-05-04,,,,,11151.0
1991-05-11,,,,,12223.0
1991-05-18,,,,,11652.0
1991-05-25,,,,,12223.0
1991-06-01,7.7,5283.8,477.7,8305.68131283199,10260.0
1991-06-08,,,,,13733.0
1991-06-15,,,,,13942.0
1991-06-22,,,,,13633.0
1991-06-29,,,,,11712.0
1991-07-01,7.7,5289.0,475.3,8621.98826742878,
1991-07-06,,,,,13401.0
1991-07-13,,,,,15577.0
1991-07-20,,,,,13483.0
1991-07-27,,,,,13094.0
1991-08-01,7.8,5300.0,476.1,7998.5765584288,
1991-08-03,,,,,11468.0
1991-08-10,,,,,13105.0
1991-08-17,,,,,11735.0
1991-08-24,,,,,11695.0
1991-08-31,,,,,11697.0
1991-09-01,7.9,5293.4,476.6,7469.95783054953,
1991-09-07,,,,,11593.0
1991-09-14,,,,,12637.0
1991-09-21,,,,,11472.0
1991-09-28,,,,,10594.0
1991-10-01,8.0,5283.3,475.4,7746.7254907181,
1991-10-05,,,,,14127.0
1991-10-12,,,,,13602.0
1991-10-19,,,,,11514.0
1991-10-26,,,,,11574.0
1991-11-01,8.2,5289.4,475.3,7530.80024779736,
1991-11-02,,,,,10088.0
1991-11-09,,,,,12664.0
1991-11-16,,,,,10627.0
1991-11-23,,,,,15027.0
1991-11-30,,,,,17003.0
1991-12-01,8.3,5280.1,472.6,8968.99595517587,
1991-12-07,,,,,20162.0
1991-12-14,,,,,17579.0
1991-12-21,,,,,13945.0
1991-12-28,,,,,10303.0
1992-01-01,8.4,5296.2,472.5,8067.89508330174,
1992-01-04,,,,,10656.0
1992-01-11,,,,,17166.0
1992-01-18,,,,,16169.0
1992-01-25,,,,,10979.0
1992-02-01,8.5,5289.1,471.4,7879.72916964074,13841.0
1992-02-08,,,,,14300.0
1992-02-15,,,,,13223.0
1992-02-22,,,,,11525.0
1992-02-29,,,,,12063.0
1992-03-01,8.5,5324.3,471.3,9380.68540256627,
1992-03-07,,,,,12675.0
1992-03-14,,,,,11082.0
1992-03-21,,,,,12044.0
1992-03-28,,,,,9350.0
1992-04-01,8.6,5305.7,471.9,8467.29253044605,
1992-04-04,,,,,13794.0
1992-04-11,,,,,12817.0
1992-04-18,,,,,12382.0
1992-04-25,,,,,10480.0
1992-05-01,8.6,5324.9,471.7,7335.46582492534,
1992-05-02,,,,,12151.0
1992-05-09,,,,,12023.0
1992-05-16,,,,,12561.0
1992-05-23,,,,,11980.0
1992-05-30,,,,,10360.0
1992-06-01,8.6,5332.8,471.9,8514.47353897439,
1992-06-06,,,,,13809.0
1992-06-13,,,,,14544.0
1992-06-20,,,,,13627.0
1992-06-27,,,,,13000.0
1992-07-01,8.5,5345.8,474.9,9040.55079253024,
1992-07-04,,,,,11998.0
1992-07-11,,,,,17502.0
1992-07-18,,,,,15170.0
1992-07-25,,,,,13810.0
1992-08-01,8.5,5350.4,472.9,7983.68362956563,12050.0
1992-08-08,,,,,12327.0
1992-08-15,,,,,10818.0
1992-08-22,,,,,10580.0
1992-08-29,,,,,8421.0
1992-09-01,8.4,5368.9,473.3,8723.09132421495,
1992-09-05,,,,,10974.0
1992-09-12,,,,,13182.0
1992-09-19,,,,,15375.0
1992-09-26,,,,,13581.0
1992-10-01,8.2,5387.0,474.2,9361.02110349439,
1992-10-03,,,,,12229.0
1992-10-10,,,,,13469.0
1992-10-17,,,,,11391.0
1992-10-24,,,,,10265.0
1992-10-31,,,,,10209.0
1992-11-01,8.1,5415.1,474.7,8592.76226648804,
1992-11-07,,,,,10581.0
1992-11-14,,,,,8796.0
1992-11-21,,,,,10477.0
1992-11-28,,,,,6502.0
1992-12-01,8.0,5427.3,475.5,9266.20983966907,
1992-12-05,,,,,10587.0
1992-12-12,,,,,10255.0
1992-12-19,,,,,8974.0
1992-12-26,,,,,6532.0
1993-01-01,7.9,5445.4,476.8,7851.81373667718,
1993-01-02,,,,,9172.0
1993-01-09,,,,,12426.0
1993-01-16,,,,,11939.0
1993-01-23,,,,,8466.0
1993-01-30,,,,,9399.0
1993-02-01,7.8,5473.6,478.5,9834.43875885847,
1993-02-06,,,,,9788.0
1993-02-13,,,,,8856.0
1993-02-20,,,,,8635.0
1993-02-27,,,,,8368.0
1993-03-01,7.7,5482.7,478.8,9332.72836198384,
1993-03-06,,,,,8818.0
1993-03-13,,,,,8920.0
1993-03-20,,,,,8874.0
1993-03-27,,,,,9134.0
1993-04-01,7.6,5527.1,479.5,9894.40219557192,
1993-04-03,,,,,9170.0
1993-04-10,,,,,11117.0
1993-04-17,,,,,8611.0
1993-04-24,,,,,9067.0
1993-05-01,7.5,5534.2,479.5,10136.1031017492,8782.0
1993-05-08,,,,,9832.0
1993-05-15,,,,,9734.0
1993-05-22,,,,,10188.0
1993-05-29,,,,,9717.0
1993-06-01,7.4,5553.3,479.2,9836.90730394426,
1993-06-05,,,,,9067.0
1993-06-12,,,,,12366.0
1993-06-19,,,,,11538.0
1993-06-26,,,,,10613.0
1993-07-01,7.3,5570.4,478.3,9346.71593127251,
1993-07-03,,,,,11410.0
1993-07-10,,,,,12069.0
1993-07-17,,,,,13765.0
1993-07-24,,,,,11770.0
1993-07-31,,,,,10195.0
1993-08-01,7.2,5586.8,478.2,9978.84349288614,
1993-08-07,,,,,10256.0
1993-08-14,,,,,9798.0
1993-08-21,,,,,9198.0
1993-08-28,,,,,9012.0
1993-09-01,7.2,5590.1,477.7,11204.298227115,
1993-09-04,,,,,9546.0
1993-09-11,,,,,8209.0
1993-09-18,,,,,9821.0
1993-09-25,,,,,9190.0
1993-10-01,7.1,5623.5,479.9,9337.78048096711,
1993-10-02,,,,,8858.0
1993-10-09,,,,,11963.0
1993-10-16,,,,,10883.0
1993-10-23,,,,,11679.0
1993-10-30,,,,,9931.0
1993-11-01,7.1,5626.8,477.1,10741.0113508431,
1993-11-06,,,,,11222.0
1993-11-13,,,,,9164.0
1993-11-20,,,,,10882.0
1993-11-27,,,,,7412.0
1993-12-01,7.1,5645.1,477.2,13472.8658216385,
1993-12-04,,,,,10684.0
1993-12-11,,,,,10835.0
1993-12-18,,,,,9107.0
1993-12-25,,,,,7902.0
1994-01-01,7.0,5668.6,475.6,11272.9070984101,8078.0
1994-01-08,,,,,13299.0
1994-01-15,,,,,12233.0
1994-01-22,,,,,8978.0
1994-01-29,,,,,11182.0
1994-02-01,7.0,5683.0,474.4,10610.7603175533,
1994-02-05,,,,,10100.0
1994-02-12,,,,,9886.0
1994-02-19,,,,,9485.0
1994-02-26,,,,,8495.0
1994-03-01,6.9,5705.5,472.7,10704.4447417246,
1994-03-05,,,,,8986.0
1994-03-12,,,,,9132.0
1994-03-19,,,,,8899.0
1994-03-26,,,,,8484.0
1994-04-01,6.8,5734.0,473.1,9907.98946398902,
1994-04-02,,,,,8287.0
1994-04-09,,,,,10306.0
1994-04-16,,,,,9836.0
1994-04-23,,,,,9489.0
1994-04-30,,,,,9516.0
1994-05-01,6.7,5752.3,473.6,10218.2467955604,
1994-05-07,,,,,11359.0
1994-05-14,,,,,10484.0
1994-05-21,,,,,10843.0
1994-05-28,,,,,11106.0
1994-06-01,6.6,5773.3,474.9,10308.89307308,
1994-06-04,,,,,9734.0
1994-06-11,,,,,12712.0
1994-06-18,,,,,11334.0
1994-06-25,,,,,11753.0
1994-07-01,6.5,5796.3,475.4,10890.9769298828,
1994-07-02,,,,,11292.0
1994-07-09,,,,,13383.0
1994-07-16,,,,,14800.0
1994-07-23,,,,,12273.0
1994-07-30,,,,,10742.0
1994-08-01,6.4,5811.7,475.0,12597.7173743254,
1994-08-06,,,,,10541.0
1994-08-13,,,,,10049.0
1994-08-20,,,,,9290.0
1994-08-27,,,,,9207.0
1994-09-01,6.2,5837.4,476.0,10557.586712927,
1994-09-03,,,,,9466.0
1994-09-10,,,,,8156.0
1994-09-17,,,,,9400.0
1994-09-24,,,,,8728.0
1994-10-01,6.1,5832.9,474.3,10487.3431335837,8025.0
1994-10-08,,,,,11252.0
1994-10-15,,,,,9480.0
1994-10-22,,,,,9149.0
1994-10-29,,,,,8456.0
1994-11-01,5.9,5889.9,474.1,10631.3898665956,
1994-11-05,,,,,9332.0
1994-11-12,,,,,7975.0
1994-11-19,,,,,8789.0
1994-11-26,,,,,6202.0
1994-12-01,5.8,5874.5,474.7,10205.6446282712,
1994-12-03,,,,,8637.0
1994-12-10,,,,,9793.0
1994-12-17,,,,,7934.0
1994-12-24,,,,,8058.0
1994-12-31,,,,,6843.0
1995-01-01,5.7,5890.7,478.3,10363.9872199011,
1995-01-07,,,,,10038.0
1995-01-14,,,,,11648.0
1995-01-21,,,,,8578.0
1995-01-28,,,,,9088.0
1995-02-01,5.6,5912.3,478.7,9434.70426739089,
1995-02-04,,,,,9005.0
1995-02-11,,,,,9180.0
1995-02-18,,,,,8624.0
1995-02-25,,,,,7989.0
1995-03-01,5.6,5931.8,479.5,9929.84440564308,
1995-03-04,,,,,8394.0
1995-03-11,,,,,8145.0
1995-03-18,,,,,7799.0
1995-03-25,,,,,7878.0
1995-04-01,5.6,5936.5,479.9,9592.46499961125,7101.0
1995-04-08,,,,,10209.0
1995-04-15,,,,,9070.0
1995-04-22,,,,,8589.0
1995-04-29,,,,,8338.0
1995-05-01,5.6,5952.4,479.2,9700.29889679992,
1995-05-06,,,,,10010.0
1995-05-13,,,,,9843.0
1995-05-20,,,,,10506.0
1995-05-27,,,,,10043.0
1995-06-01,5.6,5968.9,478.9,10359.5489437349,
1995-06-03,,,,,9691.0
1995-06-10,,,,,10971.0
1995-06-17,,,,,11947.0
1995-06-24,,,,,11117.0
1995-07-01,5.6,5970.0,479.3,9467.86338227255,10094.0
1995-07-08,,,,,12566.0
1995-07-15,,,,,14440.0
1995-07-22,,,,,11471.0
1995-07-29,,,,,9610.0
1995-08-01,5.6,5991.5,479.6,9917.63234140223,
1995-08-05,,,,,8655.0
1995-08-12,,,,,10313.0
1995-08-19,,,,,9266.0
1995-08-26,,,,,8967.0
1995-09-01,5.6,6015.9,481.3,12790.5768933381,
1995-09-02,,,,,9635.0
1995-09-09,,,,,8335.0
1995-09-16,,,,,9122.0
1995-09-23,,,,,8040.0
1995-09-30,,,,,7804.0
1995-10-01,5.6,6023.9,482.1,9535.93023842171,
1995-10-07,,,,,10138.0
1995-10-14,,,,,10221.0
1995-10-21,,,,,10554.0
1995-10-28,,,,,8543.0
1995-11-01,5.6,6048.5,482.1,11033.3021576849,
1995-11-04,,,,,9415.0
1995-11-11,,,,,7652.0
1995-11-18,,,,,8935.0
1995-11-25,,,,,6650.0
1995-12-01,5.5,6068.6,482.2,10608.4517664818,
1995-12-02,,,,,8938.0
1995-12-09,,,,,8435.0
1995-12-16,,,,,7411.0
1995-12-23,,,,,8270.0
1995-12-30,,,,,5931.0
1996-01-01,5.5,6064.4,482.3,10125.3816221537,
1996-01-06,,,,,9373.0
1996-01-13,,,,,11703.0
1996-01-20,,,,,9412.0
1996-01-27,,,,,10228.0
1996-02-01,5.4,6087.8,482.7,10821.776388059,
1996-02-03,,,,,9137.0
1996-02-10,,,,,9294.0
1996-02-17,,,,,8691.0
1996-02-24,,,,,8271.0
1996-03-01,5.4,6133.5,482.6,9138.08368287426,
1996-03-02,,,,,8307.0
1996-03-09,,,,,7930.0
1996-03-16,,,,,8459.0
1996-03-23,,,,,8155.0
1996-03-30,,,,,7584.0
1996-04-01,5.4,6115.1,484.4,11016.8047515857,
1996-04-06,,,,,9732.0
1996-04-13,,,,,8646.0
1996-04-20,,,,,8739.0
1996-04-27,,,,,8813.0
1996-05-01,5.3,6133.3,485.1,10941.9108479375,
1996-05-04,,,,,9186.0
1996-05-11,,,,,9883.0
1996-05-18,,,,,8847.0
1996-05-25,,,,,9648.0
1996-06-01,5.3,6141.4,484.8,9860.16624122493,7703.0
1996-06-08,,,,,12192.0
1996-06-15,,,,,11217.0
1996-06-22,,,,,11638.0
1996-06-29,,,,,9925.0
1996-07-01,5.2,6161.5,487.4,10191.4283736784,
1996-07-06,,,,,12384.0
1996-07-13,,,,,13193.0
1996-07-20,,,,,11383.0
1996-07-27,,,,,9551.0
1996-08-01,5.2,6185.8,488.1,10832.4983499994,
1996-08-03,,,,,9316.0
1996-08-10,,,,,9118.0
1996-08-17,,,,,8743.0
1996-08-24,,,,,8636.0
1996-08-31,,,,,8642.0
1996-09-01,5.2,6210.3,488.3,10827.5895192119,
1996-09-07,,,,,7523.0
1996-09-14,,,,,8993.0
1996-09-21,,,,,8558.0
1996-09-28,,,,,7353.0
1996-10-01,5.2,6226.3,488.7,9997.79101934214,
1996-10-05,,,,,9697.0
1996-10-12,,,,,8948.0
1996-10-19,,,,,8312.0
1996-10-26,,,,,8251.0
1996-11-01,5.2,6242.0,488.6,10112.3941275459,
1996-11-02,,,,,8294.0
1996-11-09,,,,,8973.0
1996-11-16,,,,,7712.0
1996-11-23,,,,,8333.0
1996-11-30,,,,,5048.0
1996-12-01,5.2,6260.3,488.3,9877.75455314392,
1996-12-07,,,,,9135.0
1996-12-14,,,,,8214.0
1996-12-21,,,,,7618.0
1996-12-28,,,,,6372.0
1997-01-01,5.2,6289.2,491.6,10272.2927610567,
1997-01-04,,,,,7111.0
1997-01-11,,,,,11127.0
1997-01-18,,,,,10068.0
1997-01-25,,,,,7943.0
1997-02-01,5.2,6294.4,490.4,10543.4833159844,9022.0
1997-02-08,,,,,8884.0
1997-02-15,,,,,8286.0
1997-02-22,,,,,7654.0
1997-03-01,5.1,6313.0,489.3,11317.7482251519,7908.0
1997-03-08,,,,,8341.0
1997-03-15,,,,,7676.0
1997-03-22,,,,,7762.0
1997-03-29,,,,,6992.0
1997-04-01,5.1,6354.9,488.0,11242.6565851514,
1997-04-05,,,,,9414.0
1997-04-12,,,,,9157.0
1997-04-19,,,,,8332.0
1997-04-26,,,,,8083.0
1997-05-01,5.0,6370.8,486.5,10999.5173376719,
1997-05-03,,,,,8214.0
1997-05-10,,,,,9004.0
1997-05-17,,,,,8773.0
1997-05-24,,,,,9341.0
1997-05-31,,,,,8102.0
1997-06-01,5.0,6380.9,484.0,10961.8607426643,
1997-06-07,,,,,10657.0
1997-06-14,,,,,10884.0
1997-06-21,,,,,10821.0
1997-06-28,,,,,9836.0
1997-07-01,4.9,6414.6,485.0,11681.9757906547,
1997-07-05,,,,,10647.0
1997-07-12,,,,,13461.0
1997-07-19,,,,,10716.0
1997-07-26,,,,,9449.0
1997-08-01,4.8,6432.7,485.6,9189.60251323493,
1997-08-02,,,,,9116.0
1997-08-09,,,,,9053.0
1997-08-16,,,,,9179.0
1997-08-23,,,,,8797.0
1997-08-30,,,,,8512.0
1997-09-01,4.8,6463.2,483.5,11601.1705594398,
1997-09-06,,,,,7153.0
1997-09-13,,,,,8056.0
1997-09-20,,,,,8243.0
1997-09-27,,,,,7418.0
1997-10-01,4.8,6460.1,482.8,11987.5607778372,
1997-10-04,,,,,8347.0
1997-10-11,,,,,9049.0
1997-10-18,,,,,7623.0
1997-10-25,,,,,7843.0
1997-11-01,4.7,6474.4,483.9,9478.46006900742,7176.0
1997-11-08,,,,,7440.0
1997-11-15,,,,,7131.0
1997-11-22,,,,,7743.0
1997-11-29,,,,,5506.0
1997-12-01,4.7,6494.9,485.6,11035.8540868129,
1997-12-06,,,,,7814.0
1997-12-13,,,,,7233.0
1997-12-20,,,,,6963.0
1997-12-27,,,,,5724.0
1998-01-01,4.7,6530.6,487.8,11172.153073619,
1998-01-03,,,,,5065.0
1998-01-10,,,,,10339.0
1998-01-17,,,,,9502.0
1998-01-24,,,,,7205.0
1998-01-31,,,,,7829.0
1998-02-01,4.6,6539.0,487.2,11011.2015498949,
1998-02-07,,,,,7563.0
1998-02-14,,,,,7477.0
1998-02-21,,,,,6794.0
1998-02-28,,,,,6775.0
1998-03-01,4.6,6547.8,486.5,11404.8038398033,
1998-03-07,,,,,7860.0
1998-03-14,,,,,6944.0
1998-03-21,,,,,6819.0
1998-03-28,,,,,6516.0
1998-04-01,4.5,6546.4,481.9,11610.146839228,
1998-04-04,,,,,7735.0
1998-04-11,,,,,8173.0
1998-04-18,,,,,7437.0
1998-04-25,,,,,7019.0
1998-05-01,4.5,6571.3,482.2,11179.4252706589,
1998-05-02,,,,,7224.0
1998-05-09,,,,,7794.0
1998-05-16,,,,,8095.0
1998-05-23,,,,,8765.0
1998-05-30,,,,,7620.0
1998-06-01,4.4,6592.2,482.4,12044.3945609991,
1998-06-06,,,,,10399.0
1998-06-13,,,,,10477.0
1998-06-20,,,,,9877.0
1998-06-27,,,,,9473.0
1998-07-01,4.4,6622.3,479.9,12716.8798458092,
1998-07-04,,,,,9251.0
1998-07-11,,,,,12608.0
1998-07-18,,,,,10445.0
1998-07-25,,,,,8917.0
1998-08-01,4.4,6630.9,479.8,12692.853159206,8339.0
1998-08-08,,,,,9076.0
1998-08-15,,,,,8235.0
1998-08-22,,,,,8015.0
1998-08-29,,,,,8136.0
1998-09-01,4.4,6647.6,479.9,11419.1613659967,
1998-09-05,,,,,8342.0
1998-09-12,,,,,6906.0
1998-09-19,,,,,7851.0
1998-09-26,,,,,5249.0
1998-10-01,4.3,6675.2,480.2,13284.3576887021,
1998-10-03,,,,,7398.0
1998-10-10,,,,,10208.0
1998-10-17,,,,,8280.0
1998-10-24,,,,,8087.0
1998-10-31,,,,,7203.0
1998-11-01,4.2,6696.0,480.4,13407.3088383539,
1998-11-07,,,,,7805.0
1998-11-14,,,,,7282.0
1998-11-21,,,,,8025.0
1998-11-28,,,,,5368.0
1998-12-01,4.2,6713.0,479.5,12973.7624609312,
1998-12-05,,,,,7462.0
1998-12-12,,,,,7444.0
1998-12-19,,,,,5796.0
1998-12-26,,,,,6911.0
1999-01-01,4.1,6708.4,479.6,14215.9298826151,
1999-01-02,,,,,4576.0
1999-01-09,,,,,9643.0
1999-01-16,,,,,9434.0
1999-01-23,,,,,7585.0
1999-01-30,,,,,8099.0
1999-02-01,4.1,6736.9,480.0,13953.3263592181,
1999-02-06,,,,,7345.0
1999-02-13,,,,,7267.0
1999-02-20,,,,,6510.0
1999-02-27,,,,,6729.0
1999-03-01,4.0,6747.1,479.5,13271.2288191716,
1999-03-06,,,,,6773.0
1999-03-13,,,,,6764.0
1999-03-20,,,,,6198.0
1999-03-27,,,,,6119.0
1999-04-01,4.0,6758.6,478.6,13804.5188921758,
1999-04-03,,,,,6495.0
1999-04-10,,,,,8473.0
1999-04-17,,,,,7057.0
1999-04-24,,,,,6465.0
1999-05-01,4.0,6779.6,479.3,11150.9253174521,6627.0
1999-05-08,,,,,8084.0
1999-05-15,,,,,7601.0
1999-05-22,,,,,8247.0
1999-05-29,,,,,8080.0
1999-06-01,4.0,6802.6,478.6,13702.7960273261,
1999-06-05,,,,,7541.0
1999-06-12,,,,,9832.0
1999-06-19,,,,,9144.0
1999-06-26,,,,,9130.0
1999-07-01,3.9,6800.6,477.5,13143.8114383788,
1999-07-03,,,,,7958.0
1999-07-10,,,,,8061.0
1999-07-17,,,,,9650.0
1999-07-24,,,,,8676.0
1999-07-31,,,,,8222.0
1999-08-01,3.9,6814.3,477.3,13590.1599731541,
1999-08-07,,,,,7605.0
1999-08-14,,,,,7642.0
1999-08-21,,,,,7093.0
1999-08-28,,,,,6531.0
1999-09-01,3.9,6818.0,476.0,12695.6735927946,
1999-09-04,,,,,7028.0
1999-09-11,,,,,5767.0
1999-09-18,,,,,5165.0
1999-09-25,,,,,5862.0
1999-10-01,3.8,6859.4,478.3,13166.9177290026,
1999-10-02,,,,,6324.0
1999-10-09,,,,,7252.0
1999-10-16,,,,,6275.0
1999-10-23,,,,,6952.0
1999-10-30,,,,,6476.0
1999-11-01,3.8,6882.8,478.1,11910.0974881872,
1999-11-06,,,,,6818.0
1999-11-13,,,,,5494.0
1999-11-20,,,,,6537.0
1999-11-27,,,,,4546.0
1999-12-01,3.8,6913.2,478.5,16268.8789841053,
1999-12-04,,,,,6359.0
1999-12-11,,,,,6718.0
1999-12-18,,,,,6126.0
1999-12-25,,,,,5666.0
2000-01-01,3.7,6943.4,476.4,11628.8021280793,4959.0
2000-01-08,,,,,8252.0
2000-01-15,,,,,7969.0
2000-01-22,,,,,6136.0
2000-01-29,,,,,7171.0
2000-02-01,3.7,6950.2,476.5,12199.0099652684,
2000-02-05,,,,,6766.0
2000-02-12,,,,,6653.0
2000-02-19,,,,,6273.0
2000-02-26,,,,,5790.0
2000-03-01,3.7,6983.7,477.9,11964.641698817,
2000-03-04,,,,,5962.0
2000-03-11,,,,,6299.0
2000-03-18,,,,,5727.0
2000-03-25,,,,,5890.0
2000-04-01,3.7,7007.5,478.6,11212.6970850393,5831.0
2000-04-08,,,,,7014.0
2000-04-15,,,,,6396.0
2000-04-22,,,,,6216.0
2000-04-29,,,,,6610.0
2000-05-01,3.8,7039.4,478.6,12797.8690435664,
2000-05-06,,,,,6781.0
2000-05-13,,,,,6648.0
2000-05-20,,,,,7461.0
2000-05-27,,,,,7375.0
2000-06-01,3.8,7055.3,479.7,14289.617198392,
2000-06-03,,,,,7098.0
2000-06-10,,,,,9128.0
2000-06-17,,,,,8719.0
2000-06-24,,,,,8903.0
2000-07-01,3.8,7074.8,481.4,10746.997768712,7958.0
2000-07-08,,,,,8243.0
2000-07-15,,,,,9887.0
2000-07-22,,,,,9306.0
2000-07-29,,,,,7785.0
2000-08-01,3.7,7091.3,480.5,11787.7794650012,
2000-08-05,,,,,8373.0
2000-08-12,,,,,8099.0
2000-08-19,,,,,7722.0
2000-08-26,,,,,7493.0
2000-09-01,3.7,7113.8,480.5,13397.7871924247,
2000-09-02,,,,,7003.0
2000-09-09,,,,,6142.0
2000-09-16,,,,,7148.0
2000-09-23,,,,,5495.0
2000-09-30,,,,,7140.0
2000-10-01,3.7,7120.0,477.0,11826.5004136932,
2000-10-07,,,,,6627.0
2000-10-14,,,,,6902.0
2000-10-21,,,,,6790.0
2000-10-28,,,,,6559.0
2000-11-01,3.7,7133.6,475.9,13822.2683202001,
2000-11-04,,,,,6754.0
2000-11-11,,,,,5935.0
2000-11-18,,,,,7973.0
2000-11-25,,,,,4962.0
2000-12-01,3.8,7145.8,474.6,13032.4156118723,
2000-12-02,,,,,7334.0
2000-12-09,,,,,4973.0
2000-12-16,,,,,7828.0
2000-12-23,,,,,7890.0
2000-12-30,,,,,6216.0
2001-01-01,3.9,7124.2,471.0,12934.7640204602,
2001-01-06,,,,,6651.0
2001-01-13,,,,,8635.0
2001-01-20,,,,,8039.0
2001-01-27,,,,,9252.0
2001-02-01,4.0,7141.4,467.9,11913.3304664374,
2001-02-03,,,,,8352.0
2001-02-10,,,,,8420.0
2001-02-17,,,,,7841.0
2001-02-24,,,,,7407.0
2001-03-01,4.1,7152.1,465.6,15580.6245730292,
2001-03-03,,,,,7609.0
2001-03-10,,,,,8362.0
2001-03-17,,,,,7796.0
2001-03-24,,,,,7985.0
2001-03-31,,,,,7592.0
2001-04-01,4.2,7152.7,463.2,12907.2245422844,
2001-04-07,,,,,8811.0
2001-04-14,,,,,9637.0
2001-04-21,,,,,8733.0
2001-04-28,,,,,8703.0
2001-05-01,4.3,7156.8,460.4,15587.1571987426,
2001-05-05,,,,,9373.0
2001-05-12,,,,,9234.0
2001-05-19,,,,,9447.0
2001-05-26,,,,,9092.0
2001-06-01,4.4,7165.2,457.0,12530.688041276,
2001-06-02,,,,,7540.0
2001-06-09,,,,,11460.0
2001-06-16,,,,,9398.0
2001-06-23,,,,,9387.0
2001-06-30,,,,,10878.0
2001-07-01,4.6,7159.3,453.3,13731.6942052564,
2001-07-07,,,,,8494.0
2001-07-14,,,,,13332.0
2001-07-21,,,,,14519.0
2001-07-28,,,,,11296.0
2001-08-01,4.8,7163.0,451.1,14476.7615206056,
2001-08-04,,,,,10013.0
2001-08-11,,,,,10297.0
2001-08-18,,,,,9721.0
2001-08-25,,,,,9648.0
2001-09-01,5.0,7160.0,447.6,13623.4944656339,8849.0
2001-09-08,,,,,8121.0
2001-09-15,,,,,8515.0
2001-09-22,,,,,8117.0
2001-09-29,,,,,15748.0
2001-10-01,5.4,7141.4,444.6,11254.743374079,
2001-10-06,,,,,16303.0
2001-10-13,,,,,14710.0
2001-10-20,,,,,13727.0
2001-10-27,,,,,12887.0
2001-11-01,5.6,7125.0,441.5,15129.4560617634,
2001-11-03,,,,,13086.0
2001-11-10,,,,,12739.0
2001-11-17,,,,,10782.0
2001-11-24,,,,,8360.0
2001-12-01,5.7,7117.2,439.8,14698.2600224325,12129.0
2001-12-08,,,,,12888.0
2001-12-15,,,,,10590.0
2001-12-22,,,,,9970.0
2001-12-29,,,,,5422.0
2002-01-01,5.8,7119.2,437.2,16015.5394176994,
2002-01-05,,,,,8481.0
2002-01-12,,,,,14211.0
2002-01-19,,,,,12978.0
2002-01-26,,,,,9983.0
2002-02-01,5.8,7119.8,435.0,16438.4412520088,
2002-02-02,,,,,10711.0
2002-02-09,,,,,10745.0
2002-02-16,,,,,9411.0
2002-02-23,,,,,8626.0
2002-03-01,5.8,7128.8,433.7,14316.2972566688,
2002-03-02,,,,,8388.0
2002-03-09,,,,,9959.0
2002-03-16,,,,,8946.0
2002-03-23,,,,,8137.0
2002-03-30,,,,,9083.0
2002-04-01,5.7,7135.2,431.9,14197.8566130758,
2002-04-06,,,,,10837.0
2002-04-13,,,,,11139.0
2002-04-20,,,,,10898.0
2002-04-27,,,,,11979.0
2002-05-01,5.7,7146.3,429.9,13133.0754125627,
2002-05-04,,,,,10879.0
2002-05-11,,,,,10735.0
2002-05-18,,,,,11210.0
2002-05-25,,,,,11595.0
2002-06-01,5.7,7150.8,428.7,14985.5463977323,10626.0
2002-06-08,,,,,13072.0
2002-06-15,,,,,13279.0
2002-06-22,,,,,13470.0
2002-06-29,,,,,11497.0
2002-07-01,5.6,7147.5,427.3,15896.6867366133,
2002-07-06,,,,,10783.0
2002-07-13,,,,,14784.0
2002-07-20,,,,,13439.0
2002-07-27,,,,,11500.0
2002-08-01,5.6,7160.1,426.1,15051.2447524833,
2002-08-03,,,,,10024.0
2002-08-10,,,,,11307.0
2002-08-17,,,,,11200.0
2002-08-24,,,,,10269.0
2002-08-31,,,,,9571.0
2002-09-01,5.5,7166.6,424.6,14401.5674610785,
2002-09-07,,,,,9369.0
2002-09-14,,,,,10751.0
2002-09-21,,,,,10373.0
2002-09-28,,,,,10218.0
2002-10-01,5.5,7189.7,423.5,16077.8776593299,
2002-10-05,,,,,11059.0
2002-10-12,,,,,11460.0
2002-10-19,,,,,10629.0
2002-10-26,,,,,8741.0
2002-11-01,5.5,7194.5,423.0,15041.8713779753,
2002-11-02,,,,,9588.0
2002-11-09,,,,,11183.0
2002-11-16,,,,,9257.0
2002-11-23,,,,,10013.0
2002-11-30,,,,,6416.0
2002-12-01,5.5,7203.1,421.1,15421.0843717515,
2002-12-07,,,,,11339.0
2002-12-14,,,,,10298.0
2002-12-21,,,,,9878.0
2002-12-28,,,,,7601.0
2003-01-01,5.5,7200.8,419.4,15636.651030041,
2003-01-04,,,,,8621.0
2003-01-11,,,,,12257.0
2003-01-18,,,,,12425.0
2003-01-25,,,,,9710.0
2003-02-01,5.5,7202.7,417.5,15684.163233061,10216.0
2003-02-08,,,,,11565.0
2003-02-15,,,,,9590.0
2003-02-22,,,,,9123.0
2003-03-01,5.4,7210.6,415.9,15042.8177061877,8914.0
2003-03-08,,,,,10941.0
2003-03-15,,,,,9497.0
2003-03-22,,,,,9244.0
2003-03-29,,,,,9097.0
2003-04-01,5.4,7206.9,412.0,16770.1114490936,
2003-04-05,,,,,10943.0
2003-04-12,,,,,10836.0
2003-04-19,,,,,10828.0
2003-04-26,,,,,10331.0
2003-05-01,5.4,7212.0,410.4,17767.1812464338,
2003-05-03,,,,,10056.0
2003-05-10,,,,,11251.0
2003-05-17,,,,,11976.0
2003-05-24,,,,,10945.0
2003-05-31,,,,,10173.0
2003-06-01,5.4,7220.2,409.1,16472.3131313323,
2003-06-07,,,,,14062.0
2003-06-14,,,,,13504.0
2003-06-21,,,,,12835.0
2003-06-28,,,,,10859.0
2003-07-01,5.4,7227.3,407.0,16280.7911520876,
2003-07-05,,,,,11782.0
2003-07-12,,,,,14853.0
2003-07-19,,,,,12722.0
2003-07-26,,,,,10798.0
2003-08-01,5.3,7235.8,406.4,17125.3423437718,
2003-08-02,,,,,10049.0
2003-08-09,,,,,10729.0
2003-08-16,,,,,10863.0
2003-08-23,,,,,10341.0
2003-08-30,,,,,9540.0
2003-09-01,5.2,7252.7,406.8,18527.3726509748,
2003-09-06,,,,,9412.0
2003-09-13,,,,,10778.0
2003-09-20,,,,,9829.0
2003-09-27,,,,,8496.0
2003-10-01,5.1,7273.7,406.2,18543.6827946456,
2003-10-04,,,,,9410.0
2003-10-11,,,,,11584.0
2003-10-18,,,,,9770.0
2003-10-25,,,,,8632.0
2003-11-01,5.0,7279.5,405.2,15621.3867900852,8731.0
2003-11-08,,,,,8997.0
2003-11-15,,,,,7942.0
2003-11-22,,,,,10076.0
2003-11-29,,,,,6685.0
2003-12-01,4.9,7295.9,405.1,20676.7726357232,
2003-12-06,,,,,9958.0
2003-12-13,,,,,9679.0
2003-12-20,,,,,9216.0
2003-12-27,,,,,7018.0
2004-01-01,4.8,7354.8,406.7,18218.0655289505,
2004-01-03,,,,,6729.0
2004-01-10,,,,,11829.0
2004-01-17,,,,,14384.0
2004-01-24,,,,,10661.0
2004-01-31,,,,,10377.0
2004-02-01,4.8,7373.1,407.7,20102.1992056593,
2004-02-07,,,,,11791.0
2004-02-14,,,,,10717.0
2004-02-21,,,,,9744.0
2004-02-28,,,,,9457.0
2004-03-01,4.8,7393.8,409.0,18662.5974931348,
2004-03-06,,,,,10583.0
2004-03-13,,,,,9769.0
2004-03-20,,,,,9706.0
2004-03-27,,,,,8847.0
2004-04-01,4.8,7433.6,410.9,20671.6290021845,
2004-04-03,,,,,9795.0
2004-04-10,,,,,12002.0
2004-04-17,,,,,10128.0
2004-04-24,,,,,10715.0
2004-05-01,4.7,7454.7,411.5,20493.9044128243,9880.0
2004-05-08,,,,,10884.0
2004-05-15,,,,,11084.0
2004-05-22,,,,,11468.0
2004-05-29,,,,,12248.0
2004-06-01,4.7,7480.6,411.4,20774.8352646201,
2004-06-05,,,,,11094.0
2004-06-12,,,,,12447.0
2004-06-19,,,,,12021.0
2004-06-26,,,,,11686.0
2004-07-01,4.6,7513.0,412.9,21616.1872241136,
2004-07-03,,,,,11389.0
2004-07-10,,,,,13243.0
2004-07-17,,,,,13708.0
2004-07-24,,,,,11953.0
2004-07-31,,,,,9822.0
2004-08-01,4.5,7517.8,412.8,18320.9612484509,
2004-08-07,,,,,11200.0
2004-08-14,,,,,10250.0
2004-08-21,,,,,12070.0
2004-08-28,,,,,14999.0
2004-09-01,4.5,7484.6,411.2,20110.3163585914,
2004-09-04,,,,,10994.0
2004-09-11,,,,,9111.0
2004-09-18,,,,,17908.0
2004-09-25,,,,,19720.0
2004-10-01,4.4,7562.3,411.6,21678.856508731,
2004-10-02,,,,,19235.0
2004-10-09,,,,,19872.0
2004-10-16,,,,,17645.0
2004-10-23,,,,,16090.0
2004-10-30,,,,,11106.0
2004-11-01,4.4,7603.8,412.4,20813.853447986,
2004-11-06,,,,,11894.0
2004-11-13,,,,,9356.0
2004-11-20,,,,,10588.0
2004-11-27,,,,,6386.0
2004-12-01,4.3,7628.1,412.3,21125.1716261082,
2004-12-04,,,,,10995.0
2004-12-11,,,,,9277.0
2004-12-18,,,,,8922.0
2004-12-25,,,,,7842.0
2005-01-01,4.3,7649.9,412.2,22021.7368995531,6419.0
2005-01-08,,,,,12825.0
2005-01-15,,,,,10689.0
2005-01-22,,,,,8701.0
2005-01-29,,,,,9361.0
2005-02-01,4.2,7670.7,412.4,20664.3547104165,
2005-02-05,,,,,9165.0
2005-02-12,,,,,8432.0
2005-02-19,,,,,8249.0
2005-02-26,,,,,7912.0
2005-03-01,4.1,7671.7,412.8,22887.7576452161,
2005-03-05,,,,,8854.0
2005-03-12,,,,,8195.0
2005-03-19,,,,,8282.0
2005-03-26,,,,,7958.0
2005-04-01,4.0,7720.4,414.5,24222.3694099767,
2005-04-02,,,,,7794.0
2005-04-09,,,,,11020.0
2005-04-16,,,,,8866.0
2005-04-23,,,,,8962.0
2005-04-30,,,,,8450.0
2005-05-01,3.8,7754.5,415.4,21014.3623046116,
2005-05-07,,,,,9520.0
2005-05-14,,,,,9127.0
2005-05-21,,,,,8803.0
2005-05-28,,,,,11431.0
2005-06-01,3.7,7763.1,416.0,24183.5578491851,
2005-06-04,,,,,9836.0
2005-06-11,,,,,11048.0
2005-06-18,,,,,9904.0
2005-06-25,,,,,10023.0
2005-07-01,3.6,7814.3,417.5,22891.0597547285,
2005-07-02,,,,,9473.0
2005-07-09,,,,,12105.0
2005-07-16,,,,,11184.0
2005-07-23,,,,,10528.0
2005-07-30,,,,,9181.0
2005-08-01,3.6,7837.8,417.7,24716.0311960179,
2005-08-06,,,,,10292.0
2005-08-13,,,,,9395.0
2005-08-20,,,,,8247.0
2005-08-27,,,,,8537.0
2005-09-01,3.5,7874.4,418.2,29844.5189257219,
2005-09-03,,,,,9311.0
2005-09-10,,,,,8822.0
2005-09-17,,,,,11273.0
2005-09-24,,,,,8018.0
2005-10-01,3.4,7873.7,418.5,19911.7315887617,8359.0
2005-10-08,,,,,11408.0
2005-10-15,,,,,8297.0
2005-10-22,,,,,8141.0
2005-10-29,,,,,7926.0
2005-11-01,3.4,7883.3,418.3,22909.4148643072,
2005-11-05,,,,,8507.0
2005-11-12,,,,,14540.0
2005-11-19,,,,,21717.0
2005-11-26,,,,,6647.0
2005-12-01,3.3,7903.2,418.5,22448.2580106291,
2005-12-03,,,,,10668.0
2005-12-10,,,,,8861.0
2005-12-17,,,,,7803.0
2005-12-24,,,,,7886.0
2005-12-31,,,,,6294.0
2006-01-01,3.3,7910.4,420.3,22663.3101719491,
2006-01-07,,,,,9023.0
2006-01-14,,,,,10436.0
2006-01-21,,,,,7889.0
2006-01-28,,,,,8032.0
2006-02-01,3.2,7922.1,420.4,22926.861349869,
2006-02-04,,,,,7967.0
2006-02-11,,,,,8117.0
2006-02-18,,,,,7331.0
2006-02-25,,,,,7298.0
2006-03-01,3.2,7952.3,420.6,21941.8059514211,
2006-03-04,,,,,7587.0
2006-03-11,,,,,7645.0
2006-03-18,,,,,7884.0
2006-03-25,,,,,7059.0
2006-04-01,3.2,7960.0,419.5,18431.1632937315,6517.0
2006-04-08,,,,,9276.0
2006-04-15,,,,,7949.0
2006-04-22,,,,,7703.0
2006-04-29,,,,,8060.0
2006-05-01,3.2,7977.2,419.4,18742.8007818782,
2006-05-06,,,,,8813.0
2006-05-13,,,,,8740.0
2006-05-20,,,,,8455.0
2006-05-27,,,,,9744.0
2006-06-01,3.3,7995.1,419.1,16608.7402983647,
2006-06-03,,,,,9951.0
2006-06-10,,,,,11343.0
2006-06-17,,,,,9606.0
2006-06-24,,,,,9616.0
2006-07-01,3.3,7998.3,417.5,16005.1293659882,8325.0
2006-07-08,,,,,11797.0
2006-07-15,,,,,11393.0
2006-07-22,,,,,10744.0
2006-07-29,,,,,9977.0
2006-08-01,3.3,8016.0,416.5,15278.1668695524,
2006-08-05,,,,,9930.0
2006-08-12,,,,,9750.0
2006-08-19,,,,,9850.0
2006-08-26,,,,,9400.0
2006-09-01,3.3,8023.6,415.3,13946.3751935194,
2006-09-02,,,,,8892.0
2006-09-09,,,,,8598.0
2006-09-16,,,,,9458.0
2006-09-23,,,,,8892.0
2006-09-30,,,,,8340.0
2006-10-01,3.3,8018.4,412.9,12929.132325502,
2006-10-07,,,,,10789.0
2006-10-14,,,,,9406.0
2006-10-21,,,,,9911.0
2006-10-28,,,,,8963.0
2006-11-01,3.4,8026.4,411.7,12648.6303949747,
2006-11-04,,,,,10015.0
2006-11-11,,,,,7724.0
2006-11-18,,,,,10744.0
2006-11-25,,,,,6040.0
2006-12-01,3.4,8034.6,411.4,10993.5242499005,
2006-12-02,,,,,9732.0
2006-12-09,,,,,10953.0
2006-12-16,,,,,8962.0
2006-12-23,,,,,9093.0
2006-12-30,,,,,5994.0
2007-01-01,3.5,8040.2,409.5,10687.5923527127,
2007-01-06,,,,,8911.0
2007-01-13,,,,,12319.0
2007-01-20,,,,,9933.0
2007-01-27,,,,,10981.0
2007-02-01,3.5,8042.1,408.3,10573.9912261173,
2007-02-03,,,,,9580.0
2007-02-10,,,,,10374.0
2007-02-17,,,,,8433.0
2007-02-24,,,,,8832.0
2007-03-01,3.6,8055.1,407.2,10390.5336040072,
2007-03-03,,,,,9432.0
2007-03-10,,,,,9971.0
2007-03-17,,,,,9338.0
2007-03-24,,,,,9409.0
2007-03-31,,,,,8071.0
2007-04-01,3.7,8038.6,405.3,9889.61939566378,
2007-04-07,,,,,11688.0
2007-04-14,,,,,10245.0
2007-04-21,,,,,10818.0
2007-04-28,,,,,10150.0
2007-05-01,3.8,8031.9,403.2,10677.7633888705,
2007-05-05,,,,,10517.0
2007-05-12,,,,,11280.0
2007-05-19,,,,,11241.0
2007-05-26,,,,,12230.0
2007-06-01,3.9,8026.7,401.5,9000.3027293733,
2007-06-02,,,,,11129.0
2007-06-09,,,,,14705.0
2007-06-16,,,,,14041.0
2007-06-23,,,,,12992.0
2007-06-30,,,,,10642.0
2007-07-01,4.0,7996.6,398.9,8556.78003399356,
2007-07-07,,,,,10858.0
2007-07-14,,,,,16886.0
2007-07-21,,,,,14046.0
2007-07-28,,,,,11892.0
2007-08-01,4.1,7983.5,396.7,8248.26885451824,
2007-08-04,,,,,11415.0
2007-08-11,,,,,11844.0
2007-08-18,,,,,13148.0
2007-08-25,,,,,12200.0
2007-09-01,4.3,7969.6,394.4,7061.33515221469,11873.0
2007-09-08,,,,,9875.0
2007-09-15,,,,,13385.0
2007-09-22,,,,,14153.0
2007-09-29,,,,,11397.0
2007-10-01,4.4,7948.8,392.7,6793.36125365894,
2007-10-06,,,,,12713.0
2007-10-13,,,,,14295.0
2007-10-20,,,,,13355.0
2007-10-27,,,,,12421.0
2007-11-01,4.6,7943.9,390.6,6638.22976017958,
2007-11-03,,,,,12189.0
2007-11-10,,,,,13121.0
2007-11-17,,,,,12063.0
2007-11-24,,,,,9195.0
2007-12-01,4.7,7933.9,388.6,6293.33194740066,14059.0
2007-12-08,,,,,15787.0
2007-12-15,,,,,13200.0
2007-12-22,,,,,12211.0
2007-12-29,,,,,6584.0
2008-01-01,4.8,7900.3,387.2,7642.59780260484,
2008-01-05,,,,,9304.0
2008-01-12,,,,,14188.0
2008-01-19,,,,,18493.0
2008-01-26,,,,,14366.0
2008-02-01,5.0,7891.2,385.5,6099.22104593206,
2008-02-02,,,,,16407.0
2008-02-09,,,,,14997.0
2008-02-16,,,,,13811.0
2008-02-23,,,,,13433.0
2008-03-01,5.2,7862.9,382.5,4440.78637801783,12593.0
2008-03-08,,,,,14506.0
2008-03-15,,,,,12855.0
2008-03-22,,,,,12195.0
2008-03-29,,,,,13111.0
2008-04-01,5.5,7810.2,379.6,5978.34446468447,
2008-04-05,,,,,13858.0
2008-04-12,,,,,18139.0
2008-04-19,,,,,14861.0
2008-04-26,,,,,14644.0
2008-05-01,5.8,7777.1,376.7,5528.51601382457,
2008-05-03,,,,,14893.0
2008-05-10,,,,,16282.0
2008-05-17,,,,,15878.0
2008-05-24,,,,,14785.0
2008-05-31,,,,,12128.0
2008-06-01,6.1,7743.3,374.4,5999.26296232854,
2008-06-07,,,,,18292.0
2008-06-14,,,,,19550.0
2008-06-21,,,,,18159.0
2008-06-28,,,,,17126.0
2008-07-01,6.4,7705.4,371.2,4866.75827095833,
2008-07-05,,,,,15364.0
2008-07-12,,,,,19771.0
2008-07-19,,,,,23000.0
2008-07-26,,,,,22989.0
2008-08-01,6.7,7670.3,368.4,5473.03530643532,
2008-08-02,,,,,23829.0
2008-08-09,,,,,15912.0
2008-08-16,,,,,16844.0
2008-08-23,,,,,17183.0
2008-08-30,,,,,19064.0
2008-09-01,7.0,7640.1,366.0,5737.87907769599,
2008-09-06,,,,,17295.0
2008-09-13,,,,,22158.0
2008-09-20,,,,,23394.0
2008-09-27,,,,,16541.0
2008-10-01,7.3,7579.1,361.5,3867.24037606265,
2008-10-04,,,,,20794.0
2008-10-11,,,,,23801.0
2008-10-18,,,,,24344.0
2008-10-25,,,,,23683.0
2008-11-01,7.7,7533.0,357.7,3462.80762507634,21356.0
2008-11-08,,,,,23281.0
2008-11-15,,,,,20595.0
2008-11-22,,,,,24164.0
2008-11-29,,,,,15538.0
2008-12-01,8.1,7488.9,352.0,3353.32659612442,
2008-12-06,,,,,21114.0
2008-12-13,,,,,19407.0
2008-12-20,,,,,21464.0
2008-12-27,,,,,12898.0
2009-01-01,8.5,7417.4,346.9,2905.75014518193,
2009-01-03,,,,,13245.0
2009-01-10,,,,,33903.0
2009-01-17,,,,,40403.0
2009-01-24,,,,,25700.0
2009-01-31,,,,,28579.0
2009-02-01,8.9,7361.7,341.1,3662.93459775988,
2009-02-07,,,,,29723.0
2009-02-14,,,,,26237.0
2009-02-21,,,,,22651.0
2009-02-28,,,,,21092.0
2009-03-01,9.3,7312.2,336.1,2686.55864038735,
2009-03-07,,,,,24986.0
2009-03-14,,,,,24592.0
2009-03-21,,,,,24207.0
2009-03-28,,,,,23558.0
2009-04-01,9.5,7272.7,329.5,2188.62176333979,
2009-04-04,,,,,22019.0
2009-04-11,,,,,31322.0
2009-04-18,,,,,24114.0
2009-04-25,,,,,23783.0
2009-05-01,10.1,7249.4,326.3,2487.20065969467,
2009-05-02,,,,,24328.0
2009-05-09,,,,,24862.0
2009-05-16,,,,,25390.0
2009-05-23,,,,,25621.0
2009-05-30,,,,,18966.0
2009-06-01,10.4,7224.4,323.5,3319.83587950298,
2009-06-06,,,,,25435.0
2009-06-13,,,,,33818.0
2009-06-20,,,,,31924.0
2009-06-27,,,,,19431.0
2009-07-01,10.6,7199.2,319.2,3007.08301110838,
2009-07-04,,,,,21110.0
2009-07-11,,,,,31153.0
2009-07-18,,,,,34444.0
2009-07-25,,,,,25730.0
2009-08-01,10.8,7174.7,317.6,2637.78231724485,22372.0
2009-08-08,,,,,23158.0
2009-08-15,,,,,24306.0
2009-08-22,,,,,22653.0
2009-08-29,,,,,24433.0
2009-09-01,10.9,7160.3,315.3,3290.37496320033,
2009-09-05,,,,,24201.0
2009-09-12,,,,,21823.0
2009-09-19,,,,,24171.0
2009-09-26,,,,,23437.0
2009-10-01,11.1,7144.8,313.9,3125.15176117944,
2009-10-03,,,,,18259.0
2009-10-10,,,,,28235.0
2009-10-17,,,,,26591.0
2009-10-24,,,,,26047.0
2009-10-31,,,,,22638.0
2009-11-01,11.2,7146.1,313.5,3347.21379755388,
2009-11-07,,,,,20723.0
2009-11-14,,,,,22036.0
2009-11-21,,,,,24190.0
2009-11-28,,,,,16976.0
2009-12-01,11.3,7130.3,311.8,3661.80401977106,
2009-12-05,,,,,25656.0
2009-12-12,,,,,19978.0
2009-12-19,,,,,23157.0
2009-12-26,,,,,19421.0
2010-01-01,11.4,7132.2,309.8,3824.97523015958,
2010-01-02,,,,,12898.0
2010-01-09,,,,,25837.0
2010-01-16,,,,,28182.0
2010-01-23,,,,,22659.0
2010-01-30,,,,,24404.0
2010-02-01,11.4,7131.9,309.3,3537.57232309129,
2010-02-06,,,,,20817.0
2010-02-13,,,,,20512.0
2010-02-20,,,,,17948.0
2010-02-27,,,,,20464.0
2010-03-01,11.4,7137.6,309.1,3584.39645669876,
2010-03-06,,,,,21442.0
2010-03-13,,,,,21518.0
2010-03-20,,,,,20085.0
2010-03-27,,,,,19452.0
2010-04-01,11.3,7158.0,309.2,3614.21516178749,
2010-04-03,,,,,16806.0
2010-04-10,,,,,24110.0
2010-04-17,,,,,24532.0
2010-04-24,,,,,21766.0
2010-05-01,11.2,7201.4,310.2,3075.49259496816,20475.0
2010-05-08,,,,,21598.0
2010-05-15,,,,,20118.0
2010-05-22,,,,,20379.0
2010-05-29,,,,,23839.0
2010-06-01,11.2,7188.5,310.4,3065.78035825234,
2010-06-05,,,,,20171.0
2010-06-12,,,,,25129.0
2010-06-19,,,,,24550.0
2010-06-26,,,,,27388.0
2010-07-01,11.2,7190.4,310.9,2853.10777362737,
2010-07-03,,,,,23801.0
2010-07-10,,,,,29369.0
2010-07-17,,,,,27231.0
2010-07-24,,,,,25371.0
2010-07-31,,,,,21555.0
2010-08-01,11.2,7191.8,310.4,3027.91787550534,
2010-08-07,,,,,22754.0
2010-08-14,,,,,21526.0
2010-08-21,,,,,23432.0
2010-08-28,,,,,25318.0
2010-09-01,11.2,7173.2,310.2,2995.84424591635,
2010-09-04,,,,,19699.0
2010-09-11,,,,,22454.0
2010-09-18,,,,,20677.0
2010-09-25,,,,,21364.0
2010-10-01,11.2,7203.6,309.9,2867.82967577075,
2010-10-02,,,,,16007.0
2010-10-09,,,,,23236.0
2010-10-16,,,,,23426.0
2010-10-23,,,,,21811.0
2010-10-30,,,,,18361.0
2010-11-01,11.2,7197.1,310.1,2977.18020728372,
2010-11-06,,,,,18603.0
2010-11-13,,,,,17351.0
2010-11-20,,,,,19503.0
2010-11-27,,,,,12476.0
2010-12-01,11.1,7200.4,310.7,3233.25083672246,
2010-12-04,,,,,18813.0
2010-12-11,,,,,18681.0
2010-12-18,,,,,20962.0
2010-12-25,,,,,16006.0
2011-01-01,10.9,7217.6,311.5,2974.66383841518,14139.0
2011-01-08,,,,,21975.0
2011-01-15,,,,,28621.0
2011-01-22,,,,,23909.0
2011-01-29,,,,,22017.0
2011-02-01,10.8,7213.3,311.4,3060.4961973099,
2011-02-05,,,,,17475.0
2011-02-12,,,,,17881.0
2011-02-19,,,,,15268.0
2011-02-26,,,,,15919.0
2011-03-01,10.6,7219.4,311.4,3544.03128869423,
2011-03-05,,,,,15232.0
2011-03-12,,,,,16008.0
2011-03-19,,,,,16177.0
2011-03-26,,,,,15026.0
2011-04-01,10.5,7250.0,312.4,3111.09259230144,
2011-04-02,,,,,13295.0
2011-04-09,,,,,17594.0
2011-04-16,,,,,20347.0
2011-04-23,,,,,18486.0
2011-04-30,,,,,16330.0
2011-05-01,10.4,7243.6,312.6,3415.51802012692,
2011-05-07,,,,,16419.0
2011-05-14,,,,,17759.0
2011-05-21,,,,,18041.0
2011-05-28,,,,,17444.0
2011-06-01,10.3,7236.6,313.1,3641.92847326236,
2011-06-04,,,,,16204.0
2011-06-11,,,,,17737.0
2011-06-18,,,,,20883.0
2011-06-25,,,,,20880.0
2011-07-01,10.2,7261.2,314.3,4067.50487308356,
2011-07-02,,,,,14991.0
2011-07-09,,,,,22535.0
2011-07-16,,,,,26771.0
2011-07-23,,,,,21339.0
2011-07-30,,,,,19003.0
2011-08-01,10.1,7264.9,314.9,3986.80122859924,
2011-08-06,,,,,16423.0
2011-08-13,,,,,15436.0
2011-08-20,,,,,14766.0
2011-08-27,,,,,15680.0
2011-09-01,9.8,7285.3,314.8,3859.69917194694,
2011-09-03,,,,,15851.0
2011-09-10,,,,,14544.0
2011-09-17,,,,,15713.0
2011-09-24,,,,,15766.0
2011-10-01,9.7,7287.3,315.3,3644.44005733454,14591.0
2011-10-08,,,,,17098.0
2011-10-15,,,,,17245.0
2011-10-22,,,,,15015.0
2011-10-29,,,,,15689.0
2011-11-01,9.5,7293.8,315.2,4213.10831931353,
2011-11-05,,,,,13793.0
2011-11-12,,,,,12360.0
2011-11-19,,,,,15772.0
2011-11-26,,,,,10466.0
2011-12-01,9.4,7306.4,315.2,4310.11779722201,
2011-12-03,,,,,12206.0
2011-12-10,,,,,15095.0
2011-12-17,,,,,13407.0
2011-12-24,,,,,13112.0
2011-12-31,,,,,12053.0
2012-01-01,9.2,7327.8,317.4,4548.00449350928,
2012-01-07,,,,,15797.0
2012-01-14,,,,,18508.0
2012-01-21,,,,,13783.0
2012-01-28,,,,,16076.0
2012-02-01,9.1,7337.6,317.4,3710.97243658716,
2012-02-04,,,,,15987.0
2012-02-11,,,,,15526.0
2012-02-18,,,,,13405.0
2012-02-25,,,,,12281.0
2012-03-01,9.0,7356.1,318.4,4692.65331407479,
2012-03-03,,,,,12809.0
2012-03-10,,,,,11594.0
2012-03-17,,,,,13470.0
2012-03-24,,,,,13884.0
2012-03-31,,,,,12217.0
2012-04-01,8.9,7381.5,319.1,4418.670732003,
2012-04-07,,,,,13516.0
2012-04-14,,,,,15564.0
2012-04-21,,,,,14146.0
2012-04-28,,,,,15913.0
2012-05-01,8.9,7381.6,319.0,5279.24907273897,
2012-05-05,,,,,13314.0
2012-05-12,,,,,13687.0
2012-05-19,,,,,14600.0
2012-05-26,,,,,15435.0
2012-06-01,8.8,7397.5,319.0,4945.45715925889,
2012-06-02,,,,,14428.0
2012-06-09,,,,,16361.0
2012-06-16,,,,,18889.0
2012-06-23,,,,,17955.0
2012-06-30,,,,,14231.0
2012-07-01,8.7,7402.1,319.3,5015.82081973346,
2012-07-07,,,,,18318.0
2012-07-14,,,,,18904.0
2012-07-21,,,,,15901.0
2012-07-28,,,,,14061.0
2012-08-01,8.5,7412.1,319.4,5978.36725784594,
2012-08-04,,,,,13761.0
2012-08-11,,,,,14020.0
2012-08-18,,,,,15578.0
2012-08-25,,,,,14734.0
2012-09-01,8.4,7431.5,319.3,8908.84164058589,12811.0
2012-09-08,,,,,12729.0
2012-09-15,,,,,14747.0
2012-09-22,,,,,14555.0
2012-09-29,,,,,12583.0
2012-10-01,8.3,7457.4,320.3,5511.55897403083,
2012-10-06,,,,,12998.0
2012-10-13,,,,,16945.0
2012-10-20,,,,,14531.0
2012-10-27,,,,,13390.0
2012-11-01,8.2,7465.7,320.7,6057.04982286018,
2012-11-03,,,,,12451.0
2012-11-10,,,,,12325.0
2012-11-17,,,,,13859.0
2012-11-24,,,,,12411.0
2012-12-01,8.1,7475.8,320.6,5339.22004960525,12063.0
2012-12-08,,,,,12812.0
2012-12-15,,,,,17892.0
2012-12-22,,,,,17442.0
2012-12-29,,,,,6427.0
2013-01-01,8.0,7490.0,320.0,6152.99013662582,
2013-01-05,,,,,8928.0
2013-01-12,,,,,16242.0
2013-01-19,,,,,17399.0
2013-01-26,,,,,13829.0
2013-02-01,7.9,7512.3,321.2,6825.57453964932,
2013-02-02,,,,,15879.0
2013-02-09,,,,,15583.0
2013-02-16,,,,,13141.0
2013-02-23,,,,,12263.0
2013-03-01,7.9,7527.6,321.7,7052.8429953965,
2013-03-02,,,,,11537.0
2013-03-09,,,,,12339.0
2013-03-16,,,,,11602.0
2013-03-23,,,,,12010.0
2013-03-30,,,,,11355.0
2013-04-01,7.7,7542.1,322.9,9200.80835773391,
2013-04-06,,,,,12635.0
2013-04-13,,,,,15264.0
2013-04-20,,,,,13608.0
2013-04-27,,,,,11645.0
2013-05-01,7.6,7555.9,323.6,9390.45085667921,
2013-05-04,,,,,11361.0
2013-05-11,,,,,12784.0
2013-05-18,,,,,12997.0
2013-05-25,,,,,14054.0
2013-06-01,7.6,7582.3,324.6,5961.83750533198,10875.0
2013-06-08,,,,,12621.0
2013-06-15,,,,,17407.0
2013-06-22,,,,,15349.0
2013-06-29,,,,,12079.0
2013-07-01,7.5,7597.2,324.6,7092.40693251097,
2013-07-06,,,,,13765.0
2013-07-13,,,,,17085.0
2013-07-20,,,,,15190.0
2013-07-27,,,,,14085.0
2013-08-01,7.4,7616.9,325.1,6552.20804124499,
2013-08-03,,,,,13731.0
2013-08-10,,,,,12850.0
2013-08-17,,,,,12875.0
2013-08-24,,,,,12409.0
2013-08-31,,,,,11465.0
2013-09-01,7.3,7635.5,326.3,7044.54000775627,
2013-09-07,,,,,9657.0
2013-09-14,,,,,13603.0
2013-09-21,,,,,13292.0
2013-09-28,,,,,11943.0
2013-10-01,7.2,7653.0,327.1,7653.34419090546,
2013-10-05,,,,,13336.0
2013-10-12,,,,,13699.0
2013-10-19,,,,,13215.0
2013-10-26,,,,,17692.0
2013-11-01,7.1,7670.9,328.2,7717.81498403466,
2013-11-02,,,,,17274.0
2013-11-09,,,,,16380.0
2013-11-16,,,,,17925.0
2013-11-23,,,,,16967.0
2013-11-30,,,,,11628.0
2013-12-01,7.0,7689.3,329.3,6185.85421171438,
2013-12-07,,,,,16331.0
2013-12-14,,,,,12956.0
2013-12-21,,,,,14372.0
2013-12-28,,,,,10878.0
2014-01-01,6.9,7702.3,330.4,7407.45622181135,
2014-01-04,,,,,17201.0
2014-01-11,,,,,22233.0
2014-01-18,,,,,19656.0
2014-01-25,,,,,16652.0
2014-02-01,6.8,7723.4,331.3,7572.95990706125,15129.0
2014-02-08,,,,,13544.0
2014-02-15,,,,,12646.0
2014-02-22,,,,,11779.0
2014-03-01,6.8,7747.5,330.6,5700.96832746625,12417.0
2014-03-08,,,,,12832.0
2014-03-15,,,,,11901.0
2014-03-22,,,,,13599.0
2014-03-29,,,,,13694.0
2014-04-01,6.7,7781.4,332.0,6978.56567753581,
2014-04-05,,,,,15318.0
2014-04-12,,,,,15382.0
2014-04-19,,,,,15005.0
2014-04-26,,,,,15857.0
2014-05-01,6.6,7800.8,333.1,6664.14283089186,
2014-05-03,,,,,14899.0
2014-05-10,,,,,13669.0
2014-05-17,,,,,13005.0
2014-05-24,,,,,12318.0
2014-05-31,,,,,11521.0
2014-06-01,6.5,7821.4,333.0,7010.41215051878,
2014-06-07,,,,,15571.0
2014-06-14,,,,,15245.0
2014-06-21,,,,,13904.0
2014-06-28,,,,,13890.0
2014-07-01,6.4,7840.2,334.1,7698.7820966413,
2014-07-05,,,,,15611.0
2014-07-12,,,,,15454.0
2014-07-19,,,,,14138.0
2014-07-26,,,,,14077.0
2014-08-01,6.3,7864.1,334.9,6767.71949124033,
2014-08-02,,,,,13498.0
2014-08-09,,,,,14734.0
2014-08-16,,,,,13272.0
2014-08-23,,,,,13139.0
2014-08-30,,,,,13096.0
2014-09-01,6.2,7890.5,336.3,6730.53100515296,
2014-09-06,,,,,12546.0
2014-09-13,,,,,13323.0
2014-09-20,,,,,13154.0
2014-09-27,,,,,12637.0
2014-10-01,6.1,7907.5,337.7,8003.51220706441,
2014-10-04,,,,,14380.0
2014-10-11,,,,,13599.0
2014-10-18,,,,,12155.0
2014-10-25,,,,,12170.0
2014-11-01,6.0,7936.6,338.1,6137.07483978061,11612.0
2014-11-08,,,,,11878.0
2014-11-15,,,,,11367.0
2014-11-22,,,,,11640.0
2014-11-29,,,,,8446.0
2014-12-01,6.0,7962.1,338.6,8146.13299370091,
2014-12-06,,,,,11985.0
2014-12-13,,,,,11106.0
2014-12-20,,,,,10121.0
2014-12-27,,,,,8261.0
2015-01-01,5.9,7978.7,339.1,7587.69099964754,
2015-01-03,,,,,13599.0
2015-01-10,,,,,15003.0
2015-01-17,,,,,12730.0
2015-01-24,,,,,10768.0
2015-01-31,,,,,10515.0
2015-02-01,5.8,8000.9,340.0,8807.97117940795,
2015-02-07,,,,,10569.0
2015-02-14,,,,,9480.0
2015-02-21,,,,,9363.0
2015-02-28,,,,,8898.0
2015-03-01,5.8,8023.0,341.3,8338.17334644442,
2015-03-07,,,,,10491.0
2015-03-14,,,,,8832.0
2015-03-21,,,,,8982.0
2015-03-28,,,,,8662.0
2015-04-01,5.7,8039.4,341.8,7805.79266469873,
2015-04-04,,,,,9269.0
2015-04-11,,,,,10374.0
2015-04-18,,,,,9294.0
2015-04-25,,,,,9141.0
2015-05-01,5.6,8075.5,343.5,8643.13919554523,
2015-05-02,,,,,8416.0
2015-05-09,,,,,9503.0
2015-05-16,,,,,9216.0
2015-05-23,,,,,9712.0
2015-05-30,,,,,8480.0
2015-06-01,5.5,8101.2,345.1,9001.82982352704,
2015-06-06,,,,,10982.0
2015-06-13,,,,,12045.0
2015-06-20,,,,,11357.0
2015-06-27,,,,,9731.0
2015-07-01,5.5,8124.7,345.9,8265.56598495752,
2015-07-04,,,,,10824.0
2015-07-11,,,,,12746.0
2015-07-18,,,,,10818.0
2015-07-25,,,,,10010.0
2015-08-01,5.4,8150.4,347.6,7226.36680754028,10350.0
2015-08-08,,,,,10168.0
2015-08-15,,,,,9222.0
2015-08-22,,,,,9192.0
2015-08-29,,,,,8712.0
2015-09-01,5.3,8170.0,348.8,11374.0762290661,
2015-09-05,,,,,8569.0
2015-09-12,,,,,7252.0
2015-09-19,,,,,7817.0
2015-09-26,,,,,7712.0
2015-10-01,5.2,8209.9,350.6,8601.99000883574,
2015-10-03,,,,,8209.0
2015-10-10,,,,,9649.0
2015-10-17,,,,,7848.0
2015-10-24,,,,,8053.0
2015-10-31,,,,,7820.0
2015-11-01,5.2,8238.5,351.4,9628.59928405913,
2015-11-07,,,,,8683.0
2015-11-14,,,,,7670.0
2015-11-21,,,,,8284.0
2015-11-28,,,,,5386.0
2015-12-01,5.1,8261.9,352.3,11142.0385451693,
2015-12-05,,,,,8233.0
2015-12-12,,,,,7895.0
2015-12-19,,,,,8341.0
2015-12-26,,,,,5867.0
2016-01-01,5.1,8270.0,352.9,7795.15115395995,
2016-01-02,,,,,6816.0
2016-01-09,,,,,11056.0
2016-01-16,,,,,9775.0
2016-01-23,,,,,8225.0
2016-01-30,,,,,8069.0
2016-02-01,5.0,8293.9,353.6,9361.65489434911,
2016-02-06,,,,,8488.0
2016-02-13,,,,,7062.0
2016-02-20,,,,,7318.0
2016-02-27,,,,,6923.0
2016-03-01,4.9,8314.3,354.7,9374.92586825274,
2016-03-05,,,,,7376.0
2016-03-12,,,,,6524.0
2016-03-19,,,,,6866.0
2016-03-26,,,,,6951.0
2016-04-01,4.9,8342.3,355.9,8799.9296189653,
2016-04-02,,,,,7235.0
2016-04-09,,,,,8729.0
2016-04-16,,,,,7376.0
2016-04-23,,,,,7312.0
2016-04-30,,,,,7360.0
2016-05-01,4.9,8363.1,356.6,8611.36232415853,
2016-05-07,,,,,8263.0
2016-05-14,,,,,8049.0
2016-05-21,,,,,8071.0
2016-05-28,,,,,8315.0
2016-06-01,4.9,8370.8,357.0,8656.56550829045,
2016-06-04,,,,,8259.0
2016-06-11,,,,,10028.0
2016-06-18,,,,,10155.0
2016-06-25,,,,,9048.0
2016-07-01,4.9,8416.9,359.1,8893.16337961515,
2016-07-02,,,,,8914.0
2016-07-09,,,,,10314.0
2016-07-16,,,,,9365.0
2016-07-23,,,,,8482.0
2016-07-30,,,,,8224.0
2016-08-01,4.9,8429.3,359.7,10300.4408444482,
2016-08-06,,,,,8542.0
2016-08-13,,,,,8082.0
2016-08-20,,,,,8047.0
2016-08-27,,,,,7823.0
2016-09-01,4.9,8469.5,361.1,10831.4100953352,
2016-09-03,,,,,7501.0
2016-09-10,,,,,7493.0
2016-09-17,,,,,7603.0
2016-09-24,,,,,7255.0
2016-10-01,4.9,8467.2,360.6,9565.44918621602,7275.0
2016-10-08,,,,,7323.0
2016-10-15,,,,,7999.0
2016-10-22,,,,,7549.0
2016-10-29,,,,,7538.0
2016-11-01,4.8,8480.4,361.7,10023.3065447839,
2016-11-05,,,,,7676.0
2016-11-12,,,,,7229.0
2016-11-19,,,,,7695.0
2016-11-26,,,,,5366.0
2016-12-01,4.8,8496.5,362.3,10312.2922354353,
2016-12-03,,,,,7564.0
2016-12-10,,,,,8130.0
2016-12-17,,,,,7322.0
2016-12-24,,,,,6179.0
2016-12-31,,,,,6170.0
2017-01-01,4.7,8522.5,363.4,9815.75843352594,
2017-01-07,,,,,9011.0
2017-01-14,,,,,8729.0
2017-01-21,,,,,7392.0
2017-01-28,,,,,8133.0
2017-02-01,4.6,8528.1,364.4,8575.31390164347,
2017-02-04,,,,,7822.0
2017-02-11,,,,,7506.0
2017-02-18,,,,,6881.0
2017-02-25,,,,,6323.0
2017-03-01,4.5,8545.1,365.2,9698.43522659151,
2017-03-04,,,,,6354.0
2017-03-11,,,,,7180.0
2017-03-18,,,,,6802.0
2017-03-25,,,,,6692.0
2017-04-01,4.4,8558.4,365.8,10034.69578383,6981.0
2017-04-08,,,,,8564.0
2017-04-15,,,,,6839.0
2017-04-22,,,,,6886.0
2017-04-29,,,,,6952.0
2017-05-01,4.3,8576.6,366.2,10780.2587781556,
2017-05-06,,,,,8028.0
2017-05-13,,,,,7660.0
2017-05-20,,,,,7686.0
2017-05-27,,,,,7586.0
2017-06-01,4.2,8593.9,367.2,11086.8142016463,
2017-06-03,,,,,8140.0
2017-06-10,,,,,10538.0
2017-06-17,,,,,8938.0
2017-06-24,,,,,8299.0
2017-07-01,4.2,8600.2,366.9,9836.07983575107,8350.0
2017-07-08,,,,,8904.0
2017-07-15,,,,,8849.0
2017-07-22,,,,,8406.0
2017-07-29,,,,,7481.0
2017-08-01,4.2,8610.0,367.7,10140.910614357,
2017-08-05,,,,,8084.0
2017-08-12,,,,,7905.0
2017-08-19,,,,,7615.0
2017-08-26,,,,,7178.0
2017-09-01,4.1,8452.7,361.1,8477.77446848858,
2017-09-02,,,,,7062.0
2017-09-09,,,,,4773.0
2017-09-16,,,,,10052.0
2017-09-23,,,,,18477.0
2017-09-30,,,,,14902.0
2017-10-01,4.1,8633.0,366.8,10081.5666196371,
2017-10-07,,,,,13861.0
2017-10-14,,,,,11314.0
2017-10-21,,,,,10112.0
2017-10-28,,,,,8849.0
2017-11-01,4.1,8650.6,368.1,9536.62024592488,
2017-11-04,,,,,8596.0
2017-11-11,,,,,7610.0
2017-11-18,,,,,8423.0
2017-11-25,,,,,5255.0
2017-12-01,4.0,8672.0,369.1,9171.58212016169,
2017-12-02,,,,,8024.0
2017-12-09,,,,,7593.0
2017-12-16,,,,,7332.0
2017-12-23,,,,,6971.0
2017-12-30,,,,,5443.0
2018-01-01,3.9,8688.8,369.3,11131.8262537064,
2018-01-06,,,,,7974.0
2018-01-13,,,,,9001.0
2018-01-20,,,,,7315.0
2018-01-27,,,,,7627.0
2018-02-01,3.9,8710.3,369.9,10947.0476515115,
2018-02-03,,,,,7632.0
2018-02-10,,,,,7159.0
2018-02-17,,,,,6699.0
2018-02-24,,,,,6008.0
2018-03-01,3.8,8735.2,371.2,11346.6319790107,
2018-03-03,,,,,5969.0
2018-03-10,,,,,6892.0
2018-03-17,,,,,6478.0
2018-03-24,,,,,6318.0
2018-03-31,,,,,5677.0
2018-04-01,3.7,8749.8,372.2,12357.194414514,
2018-04-07,,,,,7595.0
2018-04-14,,,,,6524.0
2018-04-21,,,,,6381.0
2018-04-28,,,,,6302.0
2018-05-01,3.7,8762.8,373.2,11403.9975468386,
2018-05-05,,,,,6695.0
2018-05-12,,,,,6977.0
2018-05-19,,,,,6840.0
2018-05-26,,,,,7080.0
2018-06-01,3.6,8784.8,374.5,11723.119903923,
2018-06-02,,,,,6996.0
2018-06-09,,,,,9538.0
2018-06-16,,,,,7761.0
2018-06-23,,,,,7370.0
2018-06-30,,,,,7280.0
2018-07-01,3.6,8792.5,375.7,12906.8570208592,
2018-07-07,,,,,8360.0
2018-07-14,,,,,7939.0
2018-07-21,,,,,7519.0
2018-07-28,,,,,6705.0
2018-08-01,3.5,8824.1,377.0,11378.3787175003,
2018-08-04,,,,,6880.0
2018-08-11,,,,,6830.0
2018-08-18,,,,,6463.0
2018-08-25,,,,,6519.0
2018-09-01,3.5,8846.6,379.0,11003.0110362563,5851.0
2018-09-08,,,,,5764.0
2018-09-15,,,,,6108.0
2018-09-22,,,,,5901.0
2018-09-29,,,,,5707.0
2018-10-01,3.5,8852.6,379.9,11443.9374306315,
2018-10-06,,,,,7066.0
2018-10-13,,,,,6685.0
2018-10-20,,,,,10672.0
2018-10-27,,,,,8987.0
2018-11-01,3.5,8864.3,380.6,15285.7075667189,
2018-11-03,,,,,7771.0
2018-11-10,,,,,7784.0
2018-11-17,,,,,6898.0
2018-11-24,,,,,4817.0
2018-12-01,3.5,8870.7,381.3,12309.3371798297,7126.0
2018-12-08,,,,,7072.0
2018-12-15,,,,,6993.0
2018-12-22,,,,,6531.0
2018-12-29,,,,,5216.0
2019-01-01,3.5,8894.8,383.5,10956.9782590149,
2019-01-05,,,,,7343.0
2019-01-12,,,,,10113.0
2019-01-19,,,,,9152.0
2019-01-26,,,,,8226.0
2019-02-01,3.4,8916.3,384.6,12217.2638839793,
2019-02-02,,,,,7510.0
2019-02-09,,,,,7049.0
2019-02-16,,,,,6185.0
2019-02-23,,,,,5685.0
2019-03-01,3.4,8928.6,384.7,11550.1834116535,
2019-03-02,,,,,5675.0
2019-03-09,,,,,6204.0
2019-03-16,,,,,5801.0
2019-03-23,,,,,5353.0
2019-03-30,,,,,5304.0
2019-04-01,3.3,8937.4,385.4,12802.3349801864,
2019-04-06,,,,,6402.0
2019-04-13,,,,,6345.0
2019-04-20,,,,,5911.0
2019-04-27,,,,,5900.0
2019-05-01,3.3,8944.3,385.9,12584.5399691845,
2019-05-04,,,,,6262.0
2019-05-11,,,,,6402.0
2019-05-18,,,,,6354.0
2019-05-25,,,,,6104.0
2019-06-01,3.2,8951.7,386.9,10047.1887763899,5971.0
2019-06-08,,,,,8581.0
2019-06-15,,,,,7509.0
2019-06-22,,,,,7025.0
2019-06-29,,,,,6845.0
2019-07-01,3.2,8969.7,387.3,13050.9776866245,
2019-07-06,,,,,7150.0
2019-07-13,,,,,7710.0
2019-07-20,,,,,6919.0
2019-07-27,,,,,6491.0
2019-08-01,3.2,8995.9,388.2,13736.9585062287,
2019-08-03,,,,,6437.0
2019-08-10,,,,,6509.0
2019-08-17,,,,,6009.0
2019-08-24,,,,,6305.0
2019-08-31,,,,,5646.0
2019-09-01,3.2,8989.5,388.4,15562.5318447396,
2019-09-07,,,,,5013.0
2019-09-14,,,,,6543.0
2019-09-21,,,,,5972.0
2019-09-28,,,,,5388.0
2019-10-01,3.1,9028.2,390.3,14691.6379665939,
2019-10-05,,,,,6072.0
2019-10-12,,,,,5982.0
2019-10-19,,,,,5451.0
2019-10-26,,,,,5402.0
2019-11-01,3.1,9047.6,390.7,13149.8796589893,
2019-11-02,,,,,5484.0
2019-11-09,,,,,6028.0
2019-11-16,,,,,5252.0
2019-11-23,,,,,5662.0
2019-11-30,,,,,3817.0
2019-12-01,3.0,9065.1,391.1,12930.4145801127,
2019-12-07,,,,,5681.0
2019-12-14,,,,,5375.0
2019-12-21,,,,,5337.0
2019-12-28,,,,,3807.0
2020-01-01,3.0,9076.5,391.5,14272.5027839825,
2020-01-04,,,,,4618.0
2020-01-11,,,,,6862.0
2020-01-18,,,,,6088.0
2020-01-25,,,,,5206.0
2020-02-01,3.0,9086.1,391.6,13447.4774625965,5457.0
2020-02-08,,,,,5605.0
2020-02-15,,,,,5229.0
2020-02-22,,,,,4861.0
2020-02-29,,,,,4853.0
2020-03-01,4.0,9024.4,390.1,13342.6534266689,
2020-03-07,,,,,5325.0
2020-03-14,,,,,6463.0
2020-03-21,,,,,74313.0
2020-03-28,,,,,228484.0
2020-04-01,13.3,7808.1,363.4,10759.5784840492,
2020-04-04,,,,,169885.0
2020-04-11,,,,,180419.0
2020-04-18,,,,,506670.0
2020-04-25,,,,,433103.0
2020-05-01,14.1,8046.3,371.0,11833.4552032028,
2020-05-02,,,,,174860.0
2020-05-09,,,,,223082.0
2020-05-16,,,,,225404.0
2020-05-23,,,,,175411.0
2020-05-30,,,,,207707.0
2020-06-01,11.6,8332.1,375.6,11564.6343919649,
2020-06-06,,,,,112161.0
2020-06-13,,,,,88148.0
2020-06-20,,,,,95683.0
2020-06-27,,,,,84370.0
2020-07-01,11.6,8371.6,373.3,13110.98670183,
2020-07-04,,,,,66941.0
2020-07-11,,,,,132831.0
2020-07-18,,,,,108976.0
2020-07-25,,,,,91462.0
2020-08-01,8.6,8411.2,374.9,13886.5494980515,78286.0
2020-08-08,,,,,61584.0
2020-08-15,,,,,72774.0
2020-08-22,,,,,51647.0
2020-08-29,,,,,45590.0
2020-09-01,8.0,8474.1,375.7,14654.5789132301,
2020-09-05,,,,,40256.0
2020-09-12,,,,,37265.0
2020-09-19,,,,,39028.0
2020-09-26,,,,,32373.0
2020-10-01,6.9,8554.4,377.1,15438.6529492252,
2020-10-03,,,,,42306.0
2020-10-10,,,,,47904.0
2020-10-17,,,,,40070.0
2020-10-24,,,,,33542.0
2020-10-31,,,,,31625.0
2020-11-01,6.5,8594.1,378.6,14761.1574669211,
2020-11-07,,,,,31403.0
2020-11-14,,,,,24358.0
2020-11-21,,,,,26931.0
2020-11-28,,,,,23063.0
2020-12-01,6.2,8627.9,380.4,15417.7826107293,
2020-12-05,,,,,29142.0
2020-12-12,,,,,26018.0
2020-12-19,,,,,28609.0
2020-12-26,,,,,26533.0
2021-01-01,5.8,8676.6,381.9,15783.7494575796,
2021-01-02,,,,,24697.0
2021-01-09,,,,,30583.0
2021-01-16,,,,,39226.0
2021-01-23,,,,,62818.0
2021-01-30,,,,,69140.0
2021-02-01,5.5,8712.2,383.0,14263.4569996677,
2021-02-06,,,,,21710.0
2021-02-13,,,,,21564.0
2021-02-20,,,,,18630.0
2021-02-27,,,,,19020.0
2021-03-01,5.4,8763.3,385.2,16859.3783514067,
2021-03-06,,,,,19281.0
2021-03-13,,,,,20340.0
2021-03-20,,,,,17349.0
2021-03-27,,,,,15716.0
2021-04-01,5.2,8774.7,385.5,17339.1042449471,
2021-04-03,,,,,15025.0
2021-04-10,,,,,24402.0
2021-04-17,,,,,18838.0
2021-04-24,,,,,28017.0
2021-05-01,5.0,8835.1,385.8,17543.2152111162,19765.0
2021-05-08,,,,,17555.0
2021-05-15,,,,,14561.0
2021-05-22,,,,,9882.0
2021-05-29,,,,,8257.0
2021-06-01,4.9,8880.7,386.3,17661.7048801281,
2021-06-05,,,,,6552.0
2021-06-12,,,,,9896.0
2021-06-19,,,,,7667.0
2021-06-26,,,,,6917.0
2021-07-01,4.7,8965.2,390.8,17950.6756123424,
2021-07-03,,,,,6739.0
2021-07-10,,,,,7457.0
2021-07-17,,,,,9970.0
2021-07-24,,,,,10110.0
2021-07-31,,,,,7718.0
2021-08-01,4.5,8988.4,391.4,20486.9087084568,
2021-08-07,,,,,5905.0
2021-08-14,,,,,5432.0
2021-08-21,,,,,7977.0
2021-08-28,,,,,9700.0
2021-09-01,4.2,9018.3,392.5,17238.5219402526,
2021-09-04,,,,,7218.0
2021-09-11,,,,,7761.0
2021-09-18,,,,,9316.0
2021-09-25,,,,,7713.0
2021-10-01,4.0,9135.4,396.1,16315.4243348384,
2021-10-02,,,,,7054.0
2021-10-09,,,,,6215.0
2021-10-16,,,,,7481.0
2021-10-23,,,,,8788.0
2021-10-30,,,,,6502.0
2021-11-01,3.8,9179.8,398.4,18831.5956843702,
2021-11-06,,,,,6217.0
2021-11-13,,,,,6116.0
2021-11-20,,,,,5831.0
2021-11-27,,,,,4136.0
2021-12-01,3.6,9208.7,399.4,18870.0433393627,
2021-12-04,,,,,6212.0
2021-12-11,,,,,6033.0
2021-12-18,,,,,5160.0
2021-12-25,,,,,4244.0
2022-01-01,3.5,9214.2,400.5,17671.539545524,4299.0
2022-01-08,,,,,10103.0
2022-01-15,,,,,8593.0
2022-01-22,,,,,7346.0
2022-01-29,,,,,6680.0
2022-02-01,3.3,9280.0,403.3,17862.9605734328,
2022-02-05,,,,,5925.0
2022-02-12,,,,,6044.0
2022-02-19,,,,,5510.0
2022-02-26,,,,,3328.0
2022-03-01,3.2,9300.5,405.0,18555.8387557255,
2022-03-05,,,,,3830.0
2022-03-12,,,,,3910.0
2022-03-19,,,,,4866.0
2022-03-26,,,,,4701.0
2022-04-01,3.1,9373.4,407.3,17826.9895585632,
2022-04-02,,,,,5167.0
2022-04-09,,,,,6619.0
2022-04-16,,,,,5668.0
2022-04-23,,,,,5240.0
2022-04-30,,,,,5221.0
2022-05-01,3.0,9403.2,408.5,19577.5573313202,
2022-05-07,,,,,4475.0
2022-05-14,,,,,5104.0
2022-05-21,,,,,5218.0
2022-05-28,,,,,3698.0
2022-06-01,2.9,9417.2,408.8,18077.0056186017,
2022-06-04,,,,,5796.0
2022-06-11,,,,,7035.0
2022-06-18,,,,,6500.0
2022-06-25,,,,,6318.0
2022-07-01,2.9,9487.2,411.7,15697.2175711225,
2022-07-02,,,,,6155.0
2022-07-09,,,,,7267.0
2022-07-16,,,,,7858.0
2022-07-23,,,,,6901.0
2022-07-30,,,,,6140.0
2022-08-01,2.8,9517.1,413.2,15300.7182487955,
2022-08-06,,,,,5998.0
2022-08-13,,,,,6074.0
2022-08-20,,,,,5809.0
2022-08-27,,,,,5366.0
2022-09-01,2.8,9542.3,414.4,17502.7202683039,
2022-09-03,,,,,5472.0
2022-09-10,,,,,5215.0
2022-09-17,,,,,5833.0
2022-09-24,,,,,5472.0
2022-10-01,2.9,9557.7,414.6,15768.1112227111,4269.0
2022-10-08,,,,,14934.0
2022-10-15,,,,,11341.0
2022-10-22,,,,,9337.0
2022-10-29,,,,,7803.0
2022-11-01,2.9,9575.1,415.3,15768.0196605394,
2022-11-05,,,,,7412.0
2022-11-12,,,,,6110.0
2022-11-19,,,,,6534.0
2022-11-26,,,,,4109.0
2022-12-01,2.9,9606.8,416.2,16104.8333299301,
2022-12-03,,,,,6393.0
2022-12-10,,,,,6035.0
2022-12-17,,,,,5669.0
2022-12-24,,,,,4579.0
2022-12-31,,,,,4238.0
2023-01-01,2.8,9641.2,418.0,15063.9225135624,
2023-01-07,,,,,7447.0
2023-01-14,,,,,7121.0
2023-01-21,,,,,5557.0
2023-01-28,,,,,5866.0
2023-02-01,2.8,9666.5,417.9,17604.6709873973,
2023-02-04,,,,,6434.0
2023-02-11,,,,,5887.0
2023-02-18,,,,,5353.0
2023-02-25,,,,,5293.0
2023-03-01,2.8,9690.9,418.7,17919.0210304769,
2023-03-04,,,,,4865.0
2023-03-11,,,,,5461.0
2023-03-18,,,,,5078.0
2023-03-25,,,,,5129.0
2023-04-01,2.8,9724.9,420.2,13365.4960636067,5096.0
2023-04-08,,,,,6278.0
2023-04-15,,,,,5535.0
2023-04-22,,,,,5093.0
2023-04-29,,,,,5610.0
2023-05-01,2.9,9748.3,421.7,14375.334419536,
2023-05-06,,,,,5897.0
2023-05-13,,,,,5869.0
2023-05-20,,,,,5879.0
2023-05-27,,,,,5765.0
2023-06-01,2.9,9782.0,423.6,16742.4835828168,
2023-06-03,,,,,5376.0
2023-06-10,,,,,6921.0
2023-06-17,,,,,6463.0
2023-06-24,,,,,6109.0
2023-07-01,2.9,9774.6,424.6,15643.7022146509,5930.0
2023-07-08,,,,,5431.0
2023-07-15,,,,,6474.0
2023-07-22,,,,,6126.0
2023-07-29,,,,,6659.0
2023-08-01,3.0,9788.4,425.0,16562.639603825,
2023-08-05,,,,,6249.0
2023-08-12,,,,,5754.0
2023-08-19,,,,,5711.0
2023-08-26,,,,,5393.0
2023-09-01,3.1,9801.6,426.4,16429.7611366878,
2023-09-02,,,,,4812.0
2023-09-09,,,,,5595.0
2023-09-16,,,,,5898.0
2023-09-23,,,,,5413.0
2023-09-30,,,,,5418.0
2023-10-01,3.1,9838.4,427.0,15491.4752792198,
2023-10-07,,,,,6790.0
2023-10-14,,,,,6021.0
2023-10-21,,,,,6052.0
2023-10-28,,,,,5750.0
2023-11-01,3.1,9846.4,427.3,16077.3789841966,
2023-11-04,,,,,5659.0
2023-11-11,,,,,5979.0
2023-11-18,,,,,6268.0
2023-11-25,,,,,4034.0
2023-12-01,3.2,9862.0,427.7,16052.3126635309,
2023-12-02,,,,,6183.0
2023-12-09,,,,,6170.0
2023-12-16,,,,,5713.0
2023-12-23,,,,,5489.0
2023-12-30,,,,,4081.0
2024-01-01,3.2,9879.6,427.7,16260.4917597528,
2024-01-06,,,,,6078.0
2024-01-13,,,,,7103.0
2024-01-20,,,,,5803.0
2024-01-27,,,,,5887.0
2024-02-01,3.2,9895.8,428.0,14024.7993961483,
2024-02-03,,,,,6286.0
2024-02-10,,,,,6292.0
2024-02-17,,,,,5768.0
2024-02-24,,,,,5016.0
2024-03-01,3.2,9915.0,428.9,14210.7067139452,
2024-03-02,,,,,5799.0
2024-03-09,,,,,5944.0
2024-03-16,,,,,5351.0
2024-03-23,,,,,5254.0
2024-03-30,,,,,5408.0
2024-04-01,3.3,9930.2,429.1,16086.5600282196,
2024-04-06,,,,,6385.0
2024-04-13,,,,,6215.0
2024-04-20,,,,,6351.0
2024-04-27,,,,,5989.0
2024-05-01,3.3,9938.0,429.0,16271.4078327093,
2024-05-04,,,,,5893.0
2024-05-11,,,,,7224.0
2024-05-18,,,,,6612.0
2024-05-25,,,,,6276.0
2024-06-01,3.4,9920.3,428.9,13886.8782961569,7060.0
2024-06-08,,,,,8900.0
2024-06-15,,,,,7766.0
2024-06-22,,,,,7307.0
2024-06-29,,,,,6901.0
2024-07-01,3.4,9934.9,429.0,15333.5309987482,
2024-07-06,,,,,6552.0
2024-07-13,,,,,7955.0
2024-07-20,,,,,7059.0
2024-07-27,,,,,5472.0
2024-08-01,3.4,9950.2,429.1,14537.9152046896,
2024-08-03,,,,,5338.0
2024-08-10,,,,,5562.0
2024-08-17,,,,,7715.0
2024-08-24,,,,,6402.0
2024-08-31,,,,,6081.0
2024-09-01,3.5,9979.3,429.9,13047.449749421,
2024-09-07,,,,,6005.0
2024-09-14,,,,,6696.0
2024-09-21,,,,,6454.0
2024-09-28,,,,,5535.0
2024-10-01,3.5,9921.4,428.4,13782.1613309943,
2024-10-05,,,,,9556.0
2024-10-12,,,,,6299.0
2024-10-19,,,,,10800.0
2024-10-26,,,,,8371.0
2024-11-01,3.5,9972.6,429.2,13548.1008594406,
2024-11-02,,,,,6841.0
2024-11-09,,,,,6660.0
2024-11-16,,,,,6280.0
2024-11-23,,,,,6360.0
2024-11-30,,,,,3987.0
2024-12-01,3.4,10002.1,429.7,13081.0140679144,
2024-12-07,,,,,6299.0
2024-12-14,,,,,6049.0
2024-12-21,,,,,5166.0
2024-12-28,,,,,3475.0
2025-01-01,3.5,10016.7,430.6,16890.5421229195,
2025-01-04,,,,,5018.0
2025-01-11,,,,,7525.0
2025-01-18,,,,,6778.0
2025-01-25,,,,,5747.0
2025-02-01,3.6,10031.9,432.7,15497.5281580934,5962.0
2025-02-08,,,,,6778.0
2025-02-15,,,,,5797.0
2025-02-22,,,,,5913.0
2025-03-01,3.6,10053.0,434.1,14166.2663413879,5566.0
2025-03-08,,,,,5922.0
2025-03-15,,,,,5684.0
2025-03-22,,,,,5614.0
2025-03-29,,,,,5587.0
2025-04-01,3.7,10066.2,432.1,12478.9665250403,
2025-04-05,,,,,6692.0
2025-04-12,,,,,6831.0
2025-04-19,,,,,6060.0
2025-04-26,,,,,5842.0
2025-05-01,3.7,10082.6,430.7,13802.966110778,
2025-05-03,,,,,6426.0
2025-05-10,,,,,6724.0
2025-05-17,,,,,6177.0
2025-05-24,,,,,7154.0
2025-05-31,,,,,5698.0
2025-06-01,3.7,10061.7,429.2,17310.717652382,
2025-06-07,,,,,8786.0
2025-06-14,,,,,7612.0
2025-06-21,,,,,6516.0
2025-06-28,,,,,7060.0
2025-07-01,3.7,10052.5,429.2,14428.1025117337,
2025-07-05,,,,,6188.0
2025-07-12,,,,,7335.0
2025-07-19,,,,,6331.0
2025-07-26,,,,,6347.0
2025-08-01,3.8,10045.7,430.4,12675.2697756888,
2025-08-02,,,,,6252.0
2025-08-09,,,,,6448.0
2025-08-16,,,,,6143.0
2025-08-23,,,,,6177.0
2025-08-30,,,,,5721.0
2025-09-01,3.9,10045.4,430.4,14262.5034429683,
2025-09-06,,,,,5803.0
2025-09-13,,,,,6075.0
2025-09-20,,,,,5747.0
2025-09-27,,,,,5609.0
2025-10-01,,10048.2,429.4,15608.7718586123,
2025-10-04,,,,,6075.0
2025-10-11,,,,,6340.0
2025-10-18,,,,,5561.0
2025-10-25,,,,,5485.0
2025-11-01,4.2,10046.3,427.0,,4952.0
2025-11-08,,,,,5833.0
2025-11-15,,,,,5284.0
2025-11-22,,,,,5946.0
2025-11-29,,,,,3761.0
2025-12-01,4.3,10042.1,426.7,,
2025-12-06,,,,,6189.0
2025-12-13,,,,,5498.0
2025-12-20,,,,,5303.0
2025-12-27,,,,,3322.0
2026-01-03,,,,,4205.0
2026-01-10,,,,,7146.0
2026-01-17,,,,,6546.0
2026-01-24,,,,,5744.0
2026-01-31,,,,,5645.0
