date,regime_prob_calm,regime_prob_watch,regime_prob_stress,regime_label,signal_value
1960-01-31,0.0,4.606206788073531e-71,1.0000000000000036,stress,0.48594497814403875
1960-02-29,0.0,3.347409504799023e-72,1.0000000000000033,stress,0.48594497814403875
1960-03-31,0.0,3.347409504799023e-72,1.0000000000000033,stress,0.48594497814403875
1960-04-30,0.0,3.347409504799023e-72,1.0000000000000033,stress,0.48594497814403875
1960-05-31,0.0,5.436691943118025e-123,1.0000000000000033,stress,0.6262376720615982
1960-06-30,0.0,3.347409504799023e-72,1.0000000000000033,stress,0.48594497814403875
1960-07-31,0.0,2.5752227446837182e-101,1.0000000000000033,stress,0.570851877609179
1960-08-31,0.0,1.7584950817199418e-122,1.0000000000000033,stress,0.6249944158988173
1960-09-30,0.0,8.810129155701037e-12,0.9999999999911934,stress,0.20838089644218888
1960-10-31,0.0,1.758495081719932e-122,1.0000000000000036,stress,0.6249944158988173
1960-11-30,0.0,1.7584950794409794e-122,1.0000000000000033,stress,0.6249944158988173
1960-12-31,0.0,1.7584959298353942e-122,1.0000000000000033,stress,0.6249944158988173
1961-01-31,0.0,3.287510382295631e-09,0.999999996712493,stress,0.20500290262442641
1961-02-28,1.8119949757315135e-56,0.9858105665203338,0.014189433479669143,watch,0.028943245304836832
1961-03-31,3.249387355763722e-30,0.9996793725961851,0.0003206274038177945,watch,0.021727892727896752
1961-04-30,6.395301975835953e-39,0.9998946908030799,0.00010530919692301844,watch,0.024422040656653887
1961-05-31,2.211792899785911e-07,0.999920747846521,7.903097419197856e-05,watch,0.012633737365583736
1961-06-30,0.6947495629324867,0.30522155385898364,2.8883208532722097e-05,calm,0.006268919648372803
1961-07-31,0.9202996601640112,0.07969446970566889,5.8701303230333256e-06,calm,0.006268919648372803
1961-08-31,0.9973762948986755,0.00262346344920415,2.4165212360550904e-07,calm,0.001379597967702115
1961-09-30,0.9996146038471289,0.0003853594823517988,3.6670522613376643e-08,calm,0.001379597967702115
1961-10-31,0.9996795872094877,0.00032038210464733417,3.068586822447853e-08,calm,0.001379597967702115
1961-11-30,0.9996808269499979,0.00031914239573471297,3.065427072033529e-08,calm,0.001379597967702115
1961-12-31,0.9996585693462231,0.0003413976058534638,3.304792690124399e-08,calm,0.0012173024734922528
1962-01-31,0.9996593617098789,0.0003406055061343034,3.2783989993803975e-08,calm,0.0012173024734922528
1962-02-28,0.9997071427317438,0.0002928294933633279,2.777489593951505e-08,calm,0.001637186851644104
1962-03-31,0.9996593883049107,0.0003405787240166147,3.297107560855729e-08,calm,0.0012173024734922528
1962-04-30,0.9996594288677488,0.0003405383600146001,3.277223928271805e-08,calm,0.0012173024734922528
1962-05-31,0.999708490641285,0.00029148187630206526,2.74824156405306e-08,calm,0.001637186851644104
1962-06-30,0.9997098170209257,0.0002901556203739142,2.7358703134446173e-08,calm,0.001637186851644104
1962-07-31,0.9997106609051317,0.0002893119150774562,2.7179793658222705e-08,calm,0.001637186851644104
1962-08-31,0.9997410866401473,0.0002588896964530217,2.3663402466912093e-08,calm,0.002238561132679279
1962-09-30,0.9997302777938367,0.0002696970661187666,2.51400473930447e-08,calm,0.0019377681848488336
1962-10-31,0.9996871626759178,0.000312804899019745,3.242506539407387e-08,calm,0.001637186851644104
1962-11-30,0.9988348773150989,0.0011649044167389995,2.1826816525576654e-07,calm,0.0012173024734922528
1962-12-31,0.9730042666857156,0.026989950446339197,5.782867948249251e-06,calm,0.001637186851644104
1963-01-31,1.9291848018859657e-07,0.9999403445275817,5.9462553941151935e-05,watch,0.013917345745703802
1963-02-28,0.9625037154256313,0.03749328838167479,2.9961926968088813e-06,calm,0.004063787431789568
1963-03-31,0.9988507091959762,0.001149188580272568,1.0222375405675416e-07,calm,0.002238561132679279
1963-04-30,0.9996574227886119,0.00034254448981890047,3.2721572343898867e-08,calm,0.001379597967702115
1963-05-31,0.9996808503967424,0.00031911903637761655,3.0566883366348014e-08,calm,0.001379597967702115
1963-06-30,0.9996815378659458,0.00031843163145132356,3.050260623203629e-08,calm,0.001379597967702115
1963-07-31,0.999681802783238,0.00031816676807038566,3.0448694729560157e-08,calm,0.001379597967702115
1963-08-31,0.9996902451513746,0.00030972326842001893,3.158020843137608e-08,calm,0.001637186851644104
1963-09-30,0.9990026197602863,0.0009971971834482982,1.830562686268173e-07,calm,0.001637186851644104
1963-10-31,0.9731213872220482,0.026872854793288527,5.757984666599466e-06,calm,0.001637186851644104
1963-11-30,1.9505713826397548e-07,0.9999411600786386,5.8644864226177306e-05,watch,0.013917345745703802
1963-12-31,0.9731712825977084,0.026826314672418063,2.4027298768380335e-06,calm,0.001637186851644104
1964-01-31,0.9990723053122097,0.0009276108372343562,8.385055944407215e-08,calm,0.0019377681848488336
1964-02-29,0.9996928750113426,0.0003070960919695111,2.889669122828983e-08,calm,0.001637186851644104
1964-03-31,0.9997093796123815,0.0002905929863955589,2.7401226571991487e-08,calm,0.001637186851644104
1964-04-30,0.9997098185677502,0.0002901540708265559,2.7361426711184512e-08,calm,0.001637186851644104
1964-05-31,0.9997098302312659,0.00029014240836691284,2.7360370581227097e-08,calm,0.001637186851644104
1964-06-30,0.999709830130757,0.0002901425088133071,2.736043297192937e-08,calm,0.001637186851644104
1964-07-31,0.9997098146854682,0.00029015795069842345,2.736383657589941e-08,calm,0.001637186851644104
1964-08-31,0.9997092336370246,0.0002907388712125487,2.7491765983106478e-08,calm,0.001637186851644104
1964-09-30,0.99968738638705,0.0003125814043824645,3.220857075144388e-08,calm,0.001637186851644104
1964-10-31,0.9988659409759079,0.0011339683868307102,9.063726455696248e-08,calm,0.005320970427897998
1964-11-30,0.9996671808255231,0.0003327853454514978,3.3829028725447595e-08,calm,0.001637186851644104
1964-12-31,0.9990006406791392,0.0009991759227698988,1.8339809409814161e-07,calm,0.001637186851644104
1965-01-31,0.973119988611921,0.026874262556415073,5.748831667056936e-06,calm,0.001637186851644104
1965-02-28,2.3502607484579814e-39,0.9999533878207612,4.661217924184626e-05,watch,0.025662225847973508
1965-03-31,0.9731231082719026,0.026874488280412046,2.4034476880489156e-06,calm,0.001637186851644104
1965-04-30,0.999002732373824,0.0009971761793631986,9.14468155758669e-08,calm,0.001637186851644104
1965-05-31,0.9996910246078964,0.000308946326625914,2.906548045423678e-08,calm,0.001637186851644104
1965-06-30,0.9997093303990993,0.0002906421952138713,2.7405689601971785e-08,calm,0.001637186851644104
1965-07-31,0.9997098172591733,0.0002901553792839259,2.7361545323534644e-08,calm,0.001637186851644104
1965-08-31,0.999709830207684,0.00029014243194734444,2.736037126367875e-08,calm,0.001637186851644104
1965-09-30,0.9997098305520621,0.00029014208760058425,2.736034003844661e-08,calm,0.001637186851644104
1965-10-31,0.9997098305612186,0.00029014207844512996,2.736033920859386e-08,calm,0.001637186851644104
1965-11-30,0.9997098305613578,0.00029014207830609844,2.7360339209541932e-08,calm,0.001637186851644104
1965-12-31,0.9997098305574327,0.0002901420822302839,2.7360340075069586e-08,calm,0.001637186851644104
1966-01-31,0.9997098304096085,0.0002901422300218763,2.7360372640694614e-08,calm,0.001637186851644104
1966-02-28,0.9997098248514584,0.00029014778694745386,2.7361597077644937e-08,calm,0.001637186851644104
1966-03-31,0.9997096158667041,0.00029035672569055303,2.7407608431144482e-08,calm,0.001637186851644104
1966-04-30,0.9997017581046265,0.0002982127923020999,2.9103074469269676e-08,calm,0.001637186851644104
1966-05-31,0.9994063103228922,0.0005936408577158956,4.881939509725924e-08,calm,0.0046079103870500515
1966-06-30,0.9997017583583961,0.00029821355410520435,2.8087501609032114e-08,calm,0.001637186851644104
1966-07-31,0.9997096158642267,0.000290356755972831,2.737980358121236e-08,calm,0.001637186851644104
1966-08-31,0.9997098244972275,0.0002901481418409203,2.7360934978591416e-08,calm,0.001637186851644104
1966-09-30,0.9997098170839157,0.0002901555527988171,2.7363288870733833e-08,calm,0.001637186851644104
1966-10-31,0.9997093295154673,0.00029064301347424997,2.747106158561682e-08,calm,0.001637186851644104
1966-11-30,0.9996909915193555,0.00030897653336183205,3.1947285844209326e-08,calm,0.0016923501826782024
1966-12-31,0.9988178317899302,0.0011820069388135224,1.6127125921390465e-07,calm,0.0046079103870500515
1967-01-31,0.9885739322708099,0.011424074171337853,1.993557855197007e-06,calm,0.005320970427897998
1967-02-28,0.8956645215582184,0.10431654549156008,1.8932950224571063e-05,calm,0.005320970427897998
1967-03-31,9.272264923881919e-118,0.9999059582547196,9.404174528331158e-05,watch,0.04158914533238187
1967-04-30,0.2756133866553793,0.7242383126711007,0.00014830067352288005,watch,0.001637186851644104
1967-05-31,1.0577380627985027e-119,0.999892155495083,0.00010784450491987821,watch,0.04158914533238187
1967-06-30,5.940866093250929e-118,0.9998956067199353,0.00010439328006763114,watch,0.04106546325707324
1967-07-31,3.823079947722675e-121,0.9998948520569193,0.00010514794308335074,watch,0.04158914533238187
1967-08-31,3.8230781068125513e-121,0.9998948528002238,0.00010514719977896937,watch,0.04158914533238187
1967-09-30,3.8230666623315354e-121,0.9998956570062499,0.00010434299375272744,watch,0.04158914533238187
1967-10-31,2.7876543330842537e-142,0.9999492585133912,5.07414866113566e-05,watch,0.04518926416805473
1967-11-30,0.9464977324758427,0.05349809178557718,4.175738583106257e-06,calm,0.0046079103870500515
1967-12-31,0.9982946271165987,0.001705217735274219,1.55148129982885e-07,calm,0.001637186851644104
1968-01-31,0.9996721919848197,0.0003277772425298436,3.077265339575012e-08,calm,0.001637186851644104
1968-02-29,0.9997088328115431,0.0002911397380793646,2.7450380614529447e-08,calm,0.001637186851644104
1968-03-31,0.999709927104202,0.0002900455597894442,2.7336011427133487e-08,calm,0.001637186851644104
1968-04-30,0.9997144604353985,0.00028551272517692716,2.6839427257744023e-08,calm,0.0016923501826782024
1968-05-31,0.9997138907794997,0.00028608224102722303,2.6979475627832367e-08,calm,0.0016923501826782024
1968-06-30,0.9996875841566519,0.00031238366222718385,3.218112355593622e-08,calm,0.001637186851644104
1968-07-31,0.9988683856330239,0.0011315241826891495,9.018428924136224e-08,calm,0.005320970427897998
1968-08-31,0.9996924469123043,0.00030752427142634217,2.8816271623896552e-08,calm,0.0016923501826782024
1968-09-30,0.9997140213017306,0.00028595182163109926,2.6876640613460357e-08,calm,0.0016923501826782024
1968-10-31,0.9997145861345453,0.0002853870398526537,2.682560426964104e-08,calm,0.0016923501826782024
1968-11-30,0.9997146006093535,0.0002853725663119939,2.6824336679919902e-08,calm,0.0016923501826782024
1968-12-31,0.9997145890278333,0.0002853841452373716,2.68269311820214e-08,calm,0.0016923501826782024
1969-01-31,0.9997141318880415,0.0002858411845903866,2.692737002408092e-08,calm,0.0016923501826782024
1969-02-28,0.9996966708249169,0.00030329840480836914,3.077027673159022e-08,calm,0.0016923501826782024
1969-03-31,0.9990297367160725,0.0009700772136019048,1.8607032724276938e-07,calm,0.0016923501826782024
1969-04-30,0.9735554396713003,0.026427383625952934,1.717670274842181e-05,calm,0.0016923501826782024
1969-05-31,8.872789098847749e-88,0.9849768016761501,0.015023198323851699,watch,0.036090921715865115
1969-06-30,0.0,2.6967327639349064e-49,1.0000000000000018,stress,0.4141101843262538
1969-07-31,0.0,1.8484713232151972e-51,1.0000000000000018,stress,0.4141101843262538
1969-08-31,0.0,1.8484713232151972e-51,1.0000000000000018,stress,0.4141101843262538
1969-09-30,0.0,2.9716214991460573e-61,1.0000000000000018,stress,0.4495715838160716
1969-10-31,0.0,2.9716214991460573e-61,1.0000000000000018,stress,0.4495715838160716
1969-11-30,0.0,5.2046289534518584e-21,1.0000000000000018,stress,0.27249252112472955
1969-12-31,0.0,5.204628953451895e-21,1.0000000000000018,stress,0.27249252112472955
1970-01-31,0.0,2.7690665181767316e-170,1.0000000000000018,stress,0.7320309926797681
1970-02-28,0.0,1.8343479873121872e-281,1.0000000000000018,stress,0.9330691928437508
1970-03-31,0.0,4.873763336873203e-275,1.0000000000000018,stress,0.9226886008332896
1970-04-30,0.0,1.8343479873123958e-281,1.0000000000000018,stress,0.9330691928437508
1970-05-31,0.0,1.8343479873121872e-281,1.0000000000000018,stress,0.9330691928437508
1970-06-30,0.0,4.873763336873203e-275,1.0000000000000018,stress,0.9226886008332896
1970-07-31,0.0,7.306360135649857e-243,1.0000000000000018,stress,0.8687629338172931
1970-08-31,0.0,1.239426873460934e-187,1.0000000000000018,stress,0.7670324708039156
1970-09-30,0.0,4.418998852500292e-266,1.0000000000000018,stress,0.9080097161678478
1970-10-31,0.0,4.627380417063664e-252,1.0000000000000018,stress,0.8845274263137077
1970-11-30,0.0,3.668490458967793e-07,0.999999633150956,stress,0.1651541669850121
1970-12-31,0.0,3.023993320256036e-14,0.9999999999999717,stress,0.2275700896940517
1971-01-31,0.0,2.2440022641678636e-56,1.0000000000000018,stress,0.4400454960699416
1971-02-28,7.87544810061289e-07,0.9797835410659708,0.020215671389221177,watch,0.010723155722187079
1971-03-31,1.8942889384556011e-06,0.9994523095444283,0.0005457961666353126,watch,0.010723155722187079
1971-04-30,0.0002141143085600443,0.9996256317807923,0.00016025391064961695,watch,0.008953555867408779
1971-05-31,0.0002141649338856261,0.9996273173541135,0.00015851771200304257,watch,0.008953555867408779
1971-06-30,1.918002726962836e-06,0.9995362385233982,0.0004618434738771935,watch,0.010723155722187079
1971-07-31,4.047864370480896e-141,0.9839643272754051,0.016035672724596963,watch,0.044723225235721725
1971-08-31,0.0,4.62534284941636e-38,1.0000000000000022,stress,0.3688640605676404
1971-09-30,0.0,1.0603287931895724e-37,1.0000000000000022,stress,0.3688640605676404
1971-10-31,0.9399916625056749,0.059292267409392155,0.0007160700849348652,calm,0.0032000223071755643
1971-11-30,0.9982682124444848,0.0017311573516461173,6.302038710621471e-07,calm,0.0028241782807392236
1971-12-31,0.999676983462369,0.00032298790838303725,2.8629249987272544e-08,calm,0.0032000223071755643
1972-01-31,0.9996719528138224,0.0003280156225791161,3.156360064747786e-08,calm,0.0013086337293471326
1972-02-29,0.9996718024116257,0.0003281660086399686,3.1579736413984604e-08,calm,0.0013086337293471326
1972-03-31,0.9996717979178091,0.0003281705020383907,3.158015444405411e-08,calm,0.0013086337293471326
1972-04-30,0.9996717977845888,0.00032817063524651026,3.1580166642146314e-08,calm,0.0013086337293471326
1972-05-31,0.9996717978156632,0.0003281706041795573,3.1580159156318465e-08,calm,0.0013086337293471326
1972-06-30,0.9996717989898455,0.0003281694302602218,3.157989619600385e-08,calm,0.0013086337293471326
1972-07-31,0.9996718382926789,0.00032813013622409943,3.157109885597191e-08,calm,0.0013086337293471326
1972-08-31,0.9996731537231174,0.00032681499567355335,3.128121103756277e-08,calm,0.0013086337293471326
1972-09-30,0.9997171798048354,0.0002827935346992592,2.6660467606965806e-08,calm,0.0017599655036798943
1972-10-31,0.9996612169540846,0.0003387504401494538,3.2605767925700486e-08,calm,0.0012173024734922528
1972-11-30,0.999708544565004,0.0002914279583004606,2.747669765138368e-08,calm,0.001637186851644104
1972-12-31,0.9997100568751393,0.00028991581801387204,2.730684883905735e-08,calm,0.001637186851644104
1973-01-31,0.9997196307638263,0.0002803429856764397,2.625049921652786e-08,calm,0.0017599655036798943
1973-02-28,0.9997194317810332,0.00028054189294688997,2.632602199998747e-08,calm,0.0017599655036798943
1973-03-31,0.999702115975656,0.00029785349531081607,3.052903518284169e-08,calm,0.0017599655036798943
1973-04-30,0.9990286039246183,0.0009706735615880307,7.225137957317008e-07,calm,0.0033541064654388913
1973-05-31,0.9749321750031551,0.024307242017054035,0.0007605829797927399,calm,0.0017599655036798943
1973-06-30,0.0,1.3264420762251896e-17,1.000000000000002,stress,0.2647489605341789
1973-07-31,0.0,3.314850703538421e-286,1.000000000000002,stress,0.9406569165825862
1973-08-31,0.0,1.266327690761158e-299,1.000000000000002,stress,0.9617871206678854
1973-09-30,0.0,1.266327690761158e-299,1.000000000000002,stress,0.9617871206678854
1973-10-31,0.0,1.266327690761158e-299,1.000000000000002,stress,0.9617871206678854
1973-11-30,0.0,1.266327690761158e-299,1.000000000000002,stress,0.9617871206678854
1973-12-31,0.0,5.71170115946873e-309,1.000000000000002,stress,0.9762252638044747
1974-01-31,0.0,3.915421528304094e-243,1.000000000000002,stress,0.8692314925730128
1974-02-28,0.0,8.060433780184404e-287,1.000000000000002,stress,0.9416347140527412
1974-03-31,0.0,5.44531549519596e-196,1.000000000000002,stress,0.7833111780580954
1974-04-30,0.0,1.6261236933058385e-251,1.000000000000002,stress,0.883600090910383
1974-05-31,0.0,1.6261236933056536e-251,1.000000000000002,stress,0.883600090910383
1974-06-30,0.0,1.93535716e-316,1.000000000000002,stress,0.9876086873205123
1974-07-31,0.0,1.937e-320,1.000000000000002,stress,0.9936481687758262
1974-08-31,0.0,1.937e-320,1.000000000000002,stress,0.9936481687758262
1974-09-30,0.0,5.76e-321,1.000000000000002,stress,0.9944405442675988
1974-10-31,0.0,5.76e-321,1.000000000000002,stress,0.9944405442675988
1974-11-30,0.0,3.454e-321,1.000000000000002,stress,0.9947752076000689
1974-12-31,0.0,2.6566e-320,1.000000000000002,stress,0.9934417809678762
1975-01-31,0.0,7.271742e-317,1.000000000000002,stress,0.9882524493244924
1975-02-28,0.0,3.9784298644598417e-191,1.000000000000002,stress,0.778083178745683
1975-03-31,1.379504237146534e-251,0.9753069486367155,0.024693051363286367,watch,0.058941397421448764
1975-04-30,6.905441919070312e-56,0.9995547540753202,0.00044524592468170277,watch,0.02889202867191058
1975-05-31,4.214628677866542e-32,0.9998887577865736,0.00011124221342834839,watch,0.022354894617617253
1975-06-30,0.0008626985571558107,0.998990678166231,0.00014662327661492313,watch,0.009044521576348526
1975-07-31,0.043032339670246576,0.9568185314237484,0.00014912890600671648,watch,0.007288857880238341
1975-08-31,0.0965833359537079,0.9032787768015821,0.0001378872447115603,watch,0.007288857880238341
1975-09-30,0.17649925113783388,0.8233805984544641,0.00012015040770336515,watch,0.007288857880238341
1975-10-31,0.3051400674261504,0.6947687302039516,9.120236989928308e-05,watch,0.007288857880238341
1975-11-30,0.5184986784380367,0.48145738635667745,4.3935205287068776e-05,calm,0.007288857880238341
1975-12-31,0.8762714330385593,0.12371946748018638,9.099481255326037e-06,calm,0.006268919648372803
1976-01-31,0.9960897397609584,0.0039098997757978805,3.6046324491810515e-07,calm,0.001379597967702115
1976-02-29,0.9995469296976586,0.00045302685220743487,4.345013522502334e-08,calm,0.0012173024734922528
1976-03-31,0.9996543610806715,0.000345605472806673,3.3446523129174654e-08,calm,0.0012173024734922528
1976-04-30,0.999657701867999,0.0003422649970170545,3.3134985170197464e-08,calm,0.0012173024734922528
1976-05-31,0.9996578822071697,0.0003420846847352286,3.310809617824829e-08,calm,0.0012173024734922528
1976-06-30,0.9996603504117758,0.0003396170264926238,3.256173280571635e-08,calm,0.0012173024734922528
1976-07-31,0.9997396742738164,0.0002603019425983656,2.3783586319934598e-08,calm,0.0022171278544586663
1976-08-31,0.999740312379694,0.0002596644414946759,2.3178812529178902e-08,calm,0.0027364870664107325
1976-09-30,0.9997328490134182,0.00026712624093297335,2.474564982024704e-08,calm,0.0019721630438510407
1976-10-31,0.9997248132024709,0.0002751611792132241,2.561831684633521e-08,calm,0.0018198540361721329
1976-11-30,0.9997435438713156,0.0002564329642257301,2.316445972817656e-08,calm,0.002487674663571146
1976-12-31,0.9997303989368013,0.0002695770379894235,2.4025210306376554e-08,calm,0.0029569178390925193
1977-01-31,0.9996600623679752,0.00033990471880894203,3.291321693884751e-08,calm,0.0012173024734922528
1977-02-28,0.9996578765794852,0.00034209030148525476,3.3119030854547397e-08,calm,0.0012173024734922528
1977-03-31,0.9996578086564422,0.0003421582181987203,3.312536062836448e-08,calm,0.0012173024734922528
1977-04-30,0.9996578065457465,0.00034216032869764494,3.312555726324619e-08,calm,0.0012173024734922528
1977-05-31,0.9996578064801572,0.00034216039428099223,3.3125563373579624e-08,calm,0.0012173024734922528
1977-06-30,0.999657806478119,0.00034216039631898223,3.312556356345678e-08,calm,0.0012173024734922528
1977-07-31,0.9996578064780556,0.0003421603963823019,3.312556356935482e-08,calm,0.0012173024734922528
1977-08-31,0.9996578064780538,0.00034216039638392144,3.3125563569460004e-08,calm,0.0012173024734922528
1977-09-30,0.9996578064780648,0.0003421603963728119,3.312556356695236e-08,calm,0.0012173024734922528
1977-10-31,0.9996578064784244,0.0003421603960133585,3.3125563486067314e-08,calm,0.0012173024734922528
1977-11-30,0.9996578064899944,0.00034216038444591796,3.3125560883152874e-08,calm,0.0012173024734922528
1977-12-31,0.9996578068623231,0.00034216001220094267,3.3125477121527156e-08,calm,0.0012173024734922528
1978-01-31,0.9996578188440142,0.0003421480332042204,3.3122782951413626e-08,calm,0.0012173024734922528
1978-02-28,0.999658204419672,0.0003417625428424892,3.303748693473344e-08,calm,0.0012173024734922528
1978-03-31,0.999670612345509,0.0003293558619455335,3.1792546791421164e-08,calm,0.0013086337293471326
1978-04-30,0.9996457108698575,0.00035425170972096427,3.742042278869458e-08,calm,0.0013086337293471326
1978-05-31,0.9987991286863481,0.0012006444083800234,2.2690527329218636e-07,calm,0.0013086337293471326
1978-06-30,0.9704643955405209,0.029529145791046717,6.4586684338478e-06,calm,0.00136519173395437
1978-07-31,3.063711047908809e-09,0.9998864733373792,0.00011352359891119552,watch,0.014586463706953018
1978-08-31,0.2573173052267393,0.7425265037117236,0.0001561910615387525,watch,0.00136519173395437
1978-09-30,2.810195592665661e-245,0.9998152322248753,0.00018476777512622792,watch,0.05842907639498095
1978-10-31,1.2047388829948636e-98,0.9994668559469967,0.0005331440530048375,watch,0.03773212195174185
1978-11-30,0.0,0.9700645041458457,0.029935495854155815,watch,0.10851599144635597
1978-12-31,4.7009959448344534e-48,0.9659999575633834,0.034000042436617896,watch,0.026934172540550808
1979-01-31,0.0,0.0048338411178122575,0.995166158882189,stress,0.16728075888254398
1979-02-28,6.173401437769681e-21,0.9836686152699508,0.016331384730050764,watch,0.018214590927384366
1979-03-31,2.6438657468263153e-13,0.9995896538025331,0.0004103461972039804,watch,0.014933451988002402
1979-04-30,2.6684976779409595e-13,0.9998705567563658,0.00012944324336890343,watch,0.014933451988002402
1979-05-31,2.6689595219956846e-13,0.9998721190631884,0.0001278809365463406,watch,0.014933451988002402
1979-06-30,1.9057581914234345e-112,0.9996797733411674,0.0003202266588342112,watch,0.040144906638175964
1979-07-31,2.0109256098528198e-112,0.9851909776016542,0.01480902239834729,watch,0.040144906638175964
1979-08-31,0.0,2.82694e-318,1.0000000000000016,stress,0.9936481687758262
1979-09-30,0.0,5.991926350822506e-289,1.0000000000000018,stress,0.9450161336133486
1979-10-31,0.0,9.6113e-319,1.0000000000000018,stress,0.9910924198460704
1979-11-30,0.0,3.1807916025744975e-163,1.0000000000000018,stress,0.7172755136106623
1979-12-31,0.0,1.925446960842352e-307,1.0000000000000018,stress,0.9738801773316192
1980-01-31,0.0,4.2515e-319,1.0000000000000018,stress,0.9916269336864127
1980-02-29,0.0,1.0795e-320,1.0000000000000018,stress,0.9940302445046324
1980-03-31,0.0,4.2515e-319,1.0000000000000018,stress,0.9916269336864127
1980-04-30,0.0,3.454e-321,1.0000000000000018,stress,0.9947752076000689
1980-05-31,0.0,3.454e-321,1.0000000000000018,stress,0.9947752076000689
1980-06-30,0.0,3.968604730479488e-296,1.0000000000000018,stress,0.9563280999829453
1980-07-31,0.0,2.658296022246547e-52,1.0000000000000018,stress,0.41728796689131603
1980-08-31,0.0,7.254310267204912e-25,1.0000000000000018,stress,0.3063500764008064
1980-09-30,4.146521580447732e-43,0.9841774547713698,0.015822545228631853,watch,0.025502564819582275
1980-10-31,3.256273258539431e-51,0.9977955759713113,0.002204424028690149,watch,0.027740085280718765
1980-11-30,0.0,0.9548891551617603,0.04511084483824128,watch,0.07041332689834744
1980-12-31,0.0,2.27504103593502e-86,1.0000000000000016,stress,0.5353030308290266
1981-01-31,0.0,1.0530140481598217e-70,1.0000000000000013,stress,0.4811430847638586
1981-02-28,0.0,4.8788530488698626e-157,1.0000000000000013,stress,0.7040812915653115
1981-03-31,0.0,4.528141354689206e-301,1.0000000000000013,stress,0.9640366217923901
1981-04-30,0.0,4.8788530488698626e-157,1.0000000000000013,stress,0.7040812915653115
1981-05-31,0.0,2.568820766803135e-309,1.0000000000000013,stress,0.9767571382295531
1981-06-30,0.0,3.2499414747298703e-302,1.0000000000000013,stress,0.9658117712703486
1981-07-31,0.0,6.7423761751664445e-276,1.0000000000000013,stress,0.9240836629231489
1981-08-31,0.0,1.2730177751640908e-290,1.0000000000000013,stress,0.9476643759202962
1981-09-30,0.0,2.568820766802843e-309,1.0000000000000013,stress,0.9767571382295531
1981-10-31,0.0,3.454e-321,1.0000000000000013,stress,0.9947752076000689
1981-11-30,0.0,3.454e-321,1.0000000000000013,stress,0.9947752076000689
1981-12-31,0.0,3.454e-321,1.0000000000000013,stress,0.9947752076000689
1982-01-31,0.0,2.6566e-320,1.0000000000000013,stress,0.9934417809678762
1982-02-28,0.0,2.6566e-320,1.0000000000000013,stress,0.9934417809678762
1982-03-31,0.0,2.6566e-320,1.0000000000000013,stress,0.9934417809678762
1982-04-30,0.0,3.398025e-318,1.0000000000000013,stress,0.9902642937362279
1982-05-31,0.0,3.398025e-318,1.0000000000000013,stress,0.9902642937362279
1982-06-30,0.0,3.398025e-318,1.0000000000000013,stress,0.9902642937362279
1982-07-31,0.0,3.398025e-318,1.0000000000000013,stress,0.9902642937362279
1982-08-31,0.0,2.348488e-317,1.0000000000000013,stress,0.9889952034848362
1982-09-30,0.0,5.654137647847e-312,1.0000000000000013,stress,0.9808200407954389
1982-10-31,0.0,1.6674657010827426e-307,1.0000000000000013,stress,0.9772253239474317
1982-11-30,0.0,0.8851704023611714,0.11482959763882998,watch,0.08036802666417751
1982-12-31,0.0,0.9617729909770918,0.03822700902290948,watch,0.0980319733014748
1983-01-31,0.03198403993559855,0.9670389736386884,0.0009769864257142475,watch,0.007365994320189596
1983-02-28,0.07827074970471698,0.9215714716458019,0.000157778649482433,watch,0.007365994320189596
1983-03-31,0.158231806569455,0.8416469958859994,0.00012119754454676524,watch,0.007365994320189596
1983-04-30,0.3068699261300038,0.6930454343696014,8.463950039630225e-05,watch,0.007365994320189596
1983-05-31,0.5893037660738709,0.41065050119096164,4.57327351687295e-05,calm,0.006854813640550563
1983-06-30,0.8100425742443275,0.18994352103774173,1.3904717932198946e-05,calm,0.006854813640550563
1983-07-31,0.9913666152199448,0.00863267972482582,7.0505523088926e-07,calm,0.0042802666357341645
1983-08-31,0.9991640939654146,0.0008358360634043971,6.997118248080909e-08,calm,0.0042802666357341645
1983-09-30,0.9994992724430872,0.0005006849450478916,4.2611866247249475e-08,calm,0.0042802666357341645
1983-10-31,0.9995104210759703,0.0004895368550085024,4.206902250869222e-08,calm,0.0042802666357341645
1983-11-30,0.9994349713741898,0.0005649718421624314,5.6783649427251364e-08,calm,0.0042802666357341645
1983-12-31,0.9976660773148878,0.0023335226250160135,4.000600980766618e-07,calm,0.0042802666357341645
1984-01-31,0.9565317518091441,0.04345992955249746,8.318638360549848e-06,calm,0.0042802666357341645
1984-02-29,2.1067654081450648e-08,0.9998645251208608,0.00013545381148691676,watch,0.013335360084542789
1984-03-31,3.6534956586159413e-10,0.9999435815757195,5.6418058932813566e-05,watch,0.014322841814375192
1984-04-30,0.9564947443757452,0.04350172466797507,3.5309562814289733e-06,calm,0.0042802666357341645
1984-05-31,0.9976160565619941,0.002383741731358226,2.017066492200811e-07,calm,0.0042802666357341645
1984-06-30,0.9991525232522693,0.0008473744030967057,1.0234463566526388e-07,calm,0.0042802666357341645
1984-07-31,0.9938261835771054,0.00617268426935462,1.1321535415403097e-06,calm,0.0042802666357341645
1984-08-31,0.868202869464542,0.13178276737951314,1.4363155946645662e-05,calm,0.008138633175430636
1984-09-30,0.9362901452656056,0.06370515744096211,4.697293433954276e-06,calm,0.006807389662753318
1984-10-31,0.9966993253727835,0.0033003936836962667,2.8094352211426717e-07,calm,0.0042802666357341645
1984-11-30,0.9989600436579076,0.001039873084149366,8.32579450237369e-08,calm,0.004996432528778081
1984-12-31,0.9996999733157879,0.000299998604862772,2.8079351396628186e-08,calm,0.0017625714073923545
1985-01-31,0.9996984288966616,0.00030154025846121965,3.0844879288800403e-08,calm,0.0017625714073923545
1985-02-28,0.9988983892396838,0.0011014511048673995,1.5965545091949884e-07,calm,0.00430677737619163
1985-03-31,0.9851805884230233,0.014817692664556775,1.7189124218748726e-06,calm,0.006854813640550563
1985-04-30,0.9853028500373683,0.014696067804612276,1.082158021386548e-06,calm,0.006854813640550563
1985-05-31,0.9992775079763827,0.0007224164986812316,7.552493810299613e-08,calm,0.0028102902322230624
1985-06-30,0.9976284010306029,0.002371372998551677,2.259708475110044e-07,calm,0.0057906489550421675
1985-07-31,0.9970927304660264,0.0029069890470198247,2.804869556756139e-07,calm,0.005846101072514438
1985-08-31,0.9966469496745841,0.0033527325269927456,3.177984250996348e-07,calm,0.005947954756064831
1985-09-30,0.9967741056695546,0.00322560781648877,2.865139582570806e-07,calm,0.005947954756064831
1985-10-31,0.9978460471860482,0.002153743183196722,2.0963075676295375e-07,calm,0.00553463360650531
1985-11-30,0.9968673118268386,0.0031322868638338423,4.013093290752667e-07,calm,0.00553463360650531
1985-12-31,0.9881556686574301,0.011843210694087824,1.1206484834323636e-06,calm,0.006854813640550563
1986-01-31,0.9942452588311179,0.005754095021699507,6.461471841377447e-07,calm,0.005832371549827903
1986-02-28,0.9915880416757451,0.008411093633284513,8.6469097170362e-07,calm,0.0064569821398075345
1986-03-31,0.9929872603552704,0.007012215981350218,5.236633808232961e-07,calm,0.0064569821398075345
1986-04-30,0.999573295640982,0.0004266660712997768,3.828771951638058e-08,calm,0.002702542923515801
1986-05-31,0.9995494325227342,0.0004505297540835826,3.7723183334007394e-08,calm,0.004198039274212031
1986-06-30,0.9997014499763973,0.0002985225969694595,2.7426634389133958e-08,calm,0.003184291927437309
1986-07-31,0.9992824929318784,0.0007174432503465054,6.38177763504627e-08,calm,0.004755845884098033
1986-08-31,0.9988709199128584,0.0011289750453305203,1.0504181244265035e-07,calm,0.005152608382057644
1986-09-30,0.9980496650692681,0.0019501776502318855,1.572805014851752e-07,calm,0.005733555049524265
1986-10-31,0.9993501772389264,0.0006497696168992341,5.3144175903964866e-08,calm,0.004548478723777368
1986-11-30,0.9997215911795403,0.0002783832721920737,2.5548268958866093e-08,calm,0.0028102902322230624
1986-12-31,0.9994472920199607,0.0005526608933174034,4.708672311017961e-08,calm,0.004483770229740367
1987-01-31,0.9994342127949997,0.0005657391082289356,4.809677240575378e-08,calm,0.004483770229740367
1987-02-28,0.9994438328433558,0.0005561209489885869,4.62076565690801e-08,calm,0.004483770229740367
1987-03-31,0.9996515873301361,0.00034837902650476405,3.364336022830646e-08,calm,0.0012173024734922528
1987-04-30,0.9996711954877665,0.0003287728763394602,3.163589525688744e-08,calm,0.0013086337293471326
1987-05-31,0.9996718322310982,0.00032813619881545827,3.157008749961128e-08,calm,0.0013086337293471326
1987-06-30,0.9996735540777686,0.0003264147295881554,3.119264442519753e-08,calm,0.0013086337293471326
1987-07-31,0.9997305972001311,0.0002693778486795869,2.49511903494619e-08,calm,0.0019563047278014912
1987-08-31,0.9997306392657695,0.00026933561746047755,2.5116771150079848e-08,calm,0.0019563047278014912
1987-09-30,0.9996753020164609,0.00032466695249012213,3.1031050164792706e-08,calm,0.0013086337293471326
1987-10-31,0.9997306392352842,0.00026933581713681307,2.49475800957489e-08,calm,0.0019563047278014912
1987-11-30,0.9997305972461104,0.00026937762786707274,2.5126023692722874e-08,calm,0.0019563047278014912
1987-12-31,0.9996735546828519,0.0003264139005521186,3.14165971209806e-08,calm,0.0013086337293471326
1988-01-31,0.999671851491086,0.0003281169338816303,3.1575033445803264e-08,calm,0.0013086337293471326
1988-02-29,0.9996718401684473,0.0003281282606688724,3.157088481216463e-08,calm,0.0013086337293471326
1988-03-31,0.9996731640643719,0.0003268046567252882,3.1278903889732564e-08,calm,0.0013086337293471326
1988-04-30,0.9997175243566013,0.00028244905725887954,2.6586140721724288e-08,calm,0.0017599655036798943
1988-05-31,0.9996745574502918,0.0003254114042503596,3.1145458812033975e-08,calm,0.0013086337293471326
1988-06-30,0.9997186996057683,0.00028127405710066635,2.633713197104142e-08,calm,0.0017599655036798943
1988-07-31,0.9997187084817302,0.0002812650409854848,2.647728533864014e-08,calm,0.0017599655036798943
1988-08-31,0.9996749107529772,0.0003250581741459046,3.107287792336389e-08,calm,0.0013086337293471326
1988-09-30,0.9997293983524128,0.00027057553981795195,2.6107770087114375e-08,calm,0.002398001366511298
1988-10-31,0.9991878167795746,0.0008120420245086769,1.4119591759042228e-07,calm,0.002398001366511298
1988-11-30,0.9761612931469591,0.023833738814916024,4.968038125780033e-06,calm,0.002398001366511298
1988-12-31,6.1568471058581605e-27,0.9998768435346194,0.00012315646538140014,watch,0.021448699142863247
1989-01-31,0.019248954904969525,0.9799354113655134,0.0008156337295178992,watch,0.006589978330363984
1989-02-28,1.0312836379863399e-280,0.9711634077562755,0.02883659224372544,watch,0.06223096824917449
1989-03-31,0.0,1.1068974124173086e-21,1.000000000000001,stress,0.28896799704462384
1989-04-30,0.0,6.1764161085832955e-09,0.999999993823585,stress,0.18322126834558516
1989-05-31,0.0,6.176416108583302e-09,0.999999993823585,stress,0.18322126834558516
1989-06-30,0.0,1.772025379979444e-126,1.000000000000001,stress,0.6346728592231462
1989-07-31,0.0,3.874667821120204e-06,0.99999612533218,stress,0.1769657554413203
1989-08-31,1.439476600462687e-281,0.9709446881442282,0.029055311855773175,watch,0.06223096824917449
1989-09-30,3.40495561732756e-281,0.9988566136923664,0.0011433863076346935,watch,0.06223096824917449
1989-10-31,9.404919975202055e-253,0.9989254194648411,0.001074580535160091,watch,0.05911571679229996
1989-11-30,4.962395378070101e-307,0.968426399690105,0.03157360030989599,watch,0.06492939560252552
1989-12-31,0.0,0.04341309304726884,0.9565869069527326,stress,0.1280389022214603
1990-01-31,0.0,2.9948924115469325e-07,0.9999997005107603,stress,0.17518073201881784
1990-02-28,0.0,6.806036350372678e-17,1.0000000000000016,stress,0.2462790799407534
1990-03-31,0.0,6.805736524963324e-17,1.0000000000000016,stress,0.2462790799407534
1990-04-30,0.0,6.805758984452039e-17,1.0000000000000016,stress,0.2462790799407534
1990-05-31,0.0,2.243430691951101e-08,0.9999999775656947,stress,0.1777577046084151
1990-06-30,0.0,1.1675054361475395e-21,1.0000000000000016,stress,0.27636952095781436
1990-07-31,0.0,6.9639524639952125e-43,1.0000000000000016,stress,0.3801032999619638
1990-08-31,0.0,1.3905481183922417e-132,1.0000000000000016,stress,0.6491631157978714
1990-09-30,0.0,1.5177158941274833e-266,1.0000000000000016,stress,0.9087763444743914
1990-10-31,0.0,1.0058978734753042e-257,1.0000000000000016,stress,0.8940890767328772
1990-11-30,0.0,6.066014141275428e-265,1.0000000000000016,stress,0.9061278853800258
1990-12-31,0.0,5.478660008351762e-228,1.0000000000000016,stress,0.8426211665549226
1991-01-31,0.0,1.6270194419344402e-254,1.0000000000000016,stress,0.8886840091681545
1991-02-28,0.0,1.1838319563841817e-142,1.0000000000000016,stress,0.6772220718001152
1991-03-31,7.296127468304664e-49,0.9856509085862484,0.014349091413753292,watch,0.02704381405094216
1991-04-30,4.697619665261016e-50,0.9996982125515077,0.0003017874484939228,watch,0.027445841624313287
1991-05-31,1.4834392823266525e-77,0.9998992120567965,0.00010078794320499109,watch,0.0336866202354681
1991-06-30,1.7478167300901507e-32,0.9998975156234885,0.00010248437651301142,watch,0.0226629821326778
1991-07-31,0.032857887663953374,0.9670727509239805,6.936141206745022e-05,watch,0.008693717354433476
1991-08-31,0.9129871074299601,0.08699896125560992,1.393131443093535e-05,calm,0.0034462926006977247
1991-09-30,0.9140732511725013,0.08590993098468168,1.6817842818045974e-05,calm,0.003184291927437309
1991-10-31,0.00034154658825745016,0.9995091701306199,0.00014928328112364075,watch,0.010481669300106095
1991-11-30,1.3878109841287253e-25,0.999889449473491,0.00011055052651003729,watch,0.02013544524922791
1991-12-31,1.1316975254856952e-15,0.9998807853943584,0.00011921460564151471,watch,0.016092408638767222
1992-01-31,1.0301067838806911e-10,0.9999425755339358,5.742436305440429e-05,watch,0.014609480885180591
1992-02-29,0.9343509540526593,0.06564395503220755,5.090915133729322e-06,calm,0.0048687997472633415
1992-03-31,0.9977900730303397,0.002209742173865723,1.8479579521838514e-07,calm,0.0035186057608388318
1992-04-30,0.9996053648722448,0.00039459855120919257,3.657654677465036e-08,calm,0.0035186057608388318
1992-05-31,0.9989988944792442,0.001000944634631905,1.6088612474696347e-07,calm,0.0035926864862385116
1992-06-30,0.9771714355222784,0.02282687093923741,1.6935384852347807e-06,calm,0.007444382995081961
1992-07-31,0.9987302185102853,0.0012696692179117676,1.1227180379348212e-07,calm,0.003984571039930178
1992-08-31,0.9989286979605491,0.0010712125508435283,8.948860832133514e-08,calm,0.005152608382057644
1992-09-30,0.9992839371278581,0.0007160043399830863,5.853216000056977e-08,calm,0.004755845884098033
1992-10-31,0.9996700041952402,0.00032996424583636795,3.155892447827196e-08,calm,0.001379597967702115
1992-11-30,0.999681215557382,0.0003187539093603653,3.053325886743078e-08,calm,0.001379597967702115
1992-12-31,0.9996815411443549,0.00031842835238392255,3.050326236267179e-08,calm,0.001379597967702115
1993-01-31,0.9996815506230621,0.0003184188745531231,3.0502385834490624e-08,calm,0.001379597967702115
1993-02-28,0.9996815517044965,0.0003184177933241645,3.050218048700947e-08,calm,0.001379597967702115
1993-03-31,0.9996815794956827,0.00031839000833689226,3.0495981568625554e-08,calm,0.001379597967702115
1993-04-30,0.9996825361927042,0.00031743352299544805,3.028430163953606e-08,calm,0.001379597967702115
1993-05-31,0.9997154793487064,0.00028449563820186625,2.5013093058503252e-08,calm,0.003184291927437309
1993-06-30,0.9996841352135767,0.0003158347293634404,3.0057061144605086e-08,calm,0.001379597967702115
1993-07-31,0.9997368450094811,0.00026313159705029847,2.3393469680516944e-08,calm,0.0028102902322230624
1993-08-31,0.9997362827558032,0.0002636935835332682,2.3660664774812233e-08,calm,0.0028102902322230624
1993-09-30,0.9996602451991926,0.0003397219044525658,3.2896356121287237e-08,calm,0.0012173024734922528
1993-10-31,0.9996578822609233,0.00034208462057639516,3.3118501730992626e-08,calm,0.0012173024734922528
1993-11-30,0.9996578088329918,0.0003421580416655831,3.312534418110786e-08,calm,0.0012173024734922528
1993-12-31,0.999657806551233,0.0003421603232119114,3.3125556752146304e-08,calm,0.0012173024734922528
1994-01-31,0.999657806480328,0.0003421603941105237,3.31255633576972e-08,calm,0.0012173024734922528
1994-02-28,0.9996578064781246,0.0003421603963136844,3.312556356296348e-08,calm,0.0012173024734922528
1994-03-31,0.9996578064780562,0.00034216039638214585,3.312556356934166e-08,calm,0.0012173024734922528
1994-04-30,0.999657806478054,0.00034216039638422686,3.312556356952943e-08,calm,0.0012173024734922528
1994-05-31,0.9996578064780552,0.0003421603963827973,3.312556356919908e-08,calm,0.0012173024734922528
1994-06-30,0.9996578064781032,0.0003421603963346811,3.3125563558371614e-08,calm,0.0012173024734922528
1994-07-31,0.999657806479652,0.00034216039478621423,3.312556320993421e-08,calm,0.0012173024734922528
1994-08-31,0.9996578065294937,0.00034216034495591576,3.3125551997081546e-08,calm,0.0012173024734922528
1994-09-30,0.999657808133414,0.00034215874139653695,3.312519116798132e-08,calm,0.0012173024734922528
1994-10-31,0.9996578597482216,0.0003421071381950048,3.311358497734838e-08,calm,0.0012173024734922528
1994-11-30,0.9996595207336135,0.00034044652048406405,3.274590395180363e-08,calm,0.0012173024734922528
1994-12-31,0.9997129716888005,0.00028700118718452824,2.7124016534922572e-08,calm,0.0017079203508134975
1995-01-31,0.9996611142057721,0.00033885318250946285,3.261171983157876e-08,calm,0.0012173024734922528
1995-02-28,0.9997094290844626,0.00029054363156937247,2.7283969754322787e-08,calm,0.001637186851644104
1995-03-31,0.999743300016699,0.000256676761333773,2.322196926532353e-08,calm,0.002447067427618066
1995-04-30,0.9997334250073687,0.00026655033218893337,2.4660444367002786e-08,calm,0.001978632043308134
1995-05-31,0.9997331407625316,0.0002668345460303329,2.4691440076296844e-08,calm,0.001978632043308134
1995-06-30,0.9997314355853398,0.0002685393600434607,2.5054618812769746e-08,calm,0.001978632043308134
1995-07-31,0.9996622465085342,0.0003377210571676618,3.243430021755772e-08,calm,0.0012173024734922528
1995-08-31,0.9997276330047853,0.00027234153332547623,2.5461891303980125e-08,calm,0.0019377681848488336
1995-09-30,0.9996595035638675,0.00034046340229747566,3.303383697065643e-08,calm,0.0012173024734922528
1995-10-31,0.9996425527048971,0.00035740527914382203,4.201596124965794e-08,calm,0.001637186851644104
1995-11-30,0.9972390995311672,0.0027603259482112596,5.745206235301086e-07,calm,0.0012173024734922528
1995-12-31,0.9214337062169455,0.0785519077649014,1.4386018155027648e-05,calm,0.005079349150088441
1996-01-31,1.580071033940086e-05,0.9999222170587112,6.198223095148118e-05,watch,0.012781421609246056
1996-02-29,0.9547818550940332,0.045214578125571454,3.5667803976024236e-06,calm,0.004370692940140825
1996-03-31,0.9986631125672026,0.0013367712890248156,1.1614377482495249e-07,calm,0.0027002604963626046
1996-04-30,0.9996534889782016,0.00034647813341944205,3.2888381449811356e-08,calm,0.001379597967702115
1996-05-31,0.9997286802129934,0.0002712945765875951,2.5210421461402762e-08,calm,0.0019377681848488336
1996-06-30,0.9997103257922036,0.00028964689191648247,2.731588256126449e-08,calm,0.001637186851644104
1996-07-31,0.9997096136580442,0.00029035893210747443,2.7409851168540982e-08,calm,0.001637186851644104
1996-08-31,0.9997011736816084,0.0002987970509341709,2.926746032253304e-08,calm,0.001637186851644104
1996-09-30,0.9993843207935218,0.0006155801785994186,9.902788196279253e-08,calm,0.001637186851644104
1996-10-31,0.9874707632411528,0.01252656688119342,2.6698776571305216e-06,calm,0.001637186851644104
1996-11-30,0.5395271613170095,0.4604399362702255,3.290241276821347e-05,calm,0.00914284219653804
1996-12-31,0.9724641846254916,0.027533585178943363,2.2301955684310172e-06,calm,0.004704817049650776
1997-01-31,0.9979647264019712,0.0020351112552469655,1.623427851891937e-07,calm,0.0046079103870500515
1997-02-28,0.9996634186443242,0.0003365498053455504,3.155033342854676e-08,calm,0.001637186851644104
1997-03-31,0.9997085961926485,0.0002913763351076448,2.7472246850590517e-08,calm,0.001637186851644104
1997-04-30,0.9997097977322499,0.0002901749044376318,2.7363315846294542e-08,calm,0.001637186851644104
1997-05-31,0.9997098296883498,0.0002901429512354512,2.736041835226012e-08,calm,0.001637186851644104
1997-06-30,0.9997098305383292,0.000290142101333227,2.736034127355489e-08,calm,0.001637186851644104
1997-07-31,0.9997098305637996,0.00029014207586546735,2.736033859254034e-08,calm,0.001637186851644104
1997-08-31,0.9997098306721788,0.0002901419675102797,2.7360314794915184e-08,calm,0.001637186851644104
1997-09-30,0.9997098347246075,0.0002901379159736907,2.7359422436625578e-08,calm,0.001637186851644104
1997-10-31,0.9997099870940881,0.00028998557956484515,2.7326350756385832e-08,calm,0.001637186851644104
1997-11-30,0.9997157161168289,0.0002842571876626708,2.669551197025085e-08,calm,0.0017079203508134975
1997-12-31,0.9997157200950303,0.00028425319158575826,2.671338750742155e-08,calm,0.0017079203508134975
1998-01-31,0.9997101436460968,0.00028982904184187677,2.731206446169817e-08,calm,0.001637186851644104
1998-02-28,0.9997157240818354,0.00028424922387687107,2.6694290832403246e-08,calm,0.0017079203508134975
1998-03-31,0.9997158691937543,0.00028410412509882656,2.6681150158683557e-08,calm,0.0017079203508134975
1998-04-30,0.9997158585571957,0.0002841147588322271,2.668397527365371e-08,calm,0.0017079203508134975
1998-05-31,0.9997153051736151,0.0002846680209561979,2.6805431995045595e-08,calm,0.0017079203508134975
1998-06-30,0.9996940748465938,0.00030589373823863565,3.141517058947418e-08,calm,0.0017079203508134975
1998-07-31,0.9988797300548196,0.001120126175151744,1.4377003164581924e-07,calm,0.004704817049650776
1998-08-31,0.9912730375477432,0.008725386075270913,1.5763769886716095e-06,calm,0.0046079103870500515
1998-09-30,0.8509081194113605,0.1490812177843067,1.0662804335428068e-05,calm,0.008446713010589295
1998-10-31,0.9935825006479266,0.006416985028785369,5.143232908159569e-07,calm,0.004196548985291938
1998-11-30,0.999562732287428,0.00043722747547691695,4.023709791274609e-08,calm,0.0017599655036798943
1998-12-31,0.9997333574015578,0.0002666188505868766,2.37478579344286e-08,calm,0.002812399961870274
1999-01-31,0.9997163259316694,0.00028364742907002586,2.663926338245692e-08,calm,0.0017079203508134975
1999-02-28,0.9997157546176423,0.0002842186744982726,2.67078621991876e-08,calm,0.0017079203508134975
1999-03-31,0.999710858663425,0.00028911417994084763,2.7156636855062045e-08,calm,0.001637186851644104
1999-04-30,0.9997426066959735,0.00025736993247495535,2.3371554227489746e-08,calm,0.002447067427618066
1999-05-31,0.9997026596762036,0.00029731130623985766,2.901755914305545e-08,calm,0.001637186851644104
1999-06-30,0.9994063722164307,0.0005935789706764991,4.881289565387602e-08,calm,0.0046079103870500515
1999-07-31,0.9997020278656502,0.0002979441051422,2.8029210315659924e-08,calm,0.001637186851644104
1999-08-31,0.9997194359530628,0.00028053778041472116,2.6266525293513063e-08,calm,0.0017599655036798943
1999-09-30,0.9997198810731047,0.00028009270024893795,2.6226648991347904e-08,calm,0.0017599655036798943
1999-10-31,0.99971979062109,0.0002801831312838855,2.624762869388773e-08,calm,0.0017599655036798943
1999-11-30,0.9997158263801775,0.0002841469161024671,2.6703722646460104e-08,calm,0.0017079203508134975
1999-12-31,0.9997101466347382,0.00028982605349196793,2.731177244743697e-08,calm,0.001637186851644104
2000-01-31,0.9997157303057117,0.0002842430013566179,2.6692934619435087e-08,calm,0.0017079203508134975
2000-02-29,0.9997161049836268,0.0002838683862593733,2.6630116618172773e-08,calm,0.0017079203508134975
2000-03-31,0.9997249026919739,0.00027507165891933164,2.564910965566619e-08,calm,0.0018359938124921042
2000-04-30,0.9997241466028428,0.00027582755462161315,2.5842538519962282e-08,calm,0.0018359938124921042
2000-05-31,0.9996853981363215,0.0003145675723348714,3.429134664968724e-08,calm,0.0018359938124921042
2000-06-30,0.9981512347671028,0.0018484023950844119,3.6283781599032323e-07,calm,0.0018359938124921042
2000-07-31,0.9374184041837519,0.06257627167954664,5.324136704911024e-06,calm,0.007938648057097047
2000-08-31,0.9890379322037358,0.010955145150383296,6.922645884458034e-06,calm,0.0046079103870500515
2000-09-30,0.9702189017991981,0.028939079209645394,0.0008420189911600967,calm,0.0025527017775435175
2000-10-31,0.0,0.023419265355753102,0.9765807346442511,stress,0.13191158395060468
2000-11-30,0.0,7.205018725543165e-10,0.9999999992795023,stress,0.19767142807617086
2000-12-31,0.0,3.8167999691192544e-09,0.9999999961832041,stress,0.18521012763641348
2001-01-31,0.0,7.704914233695195e-136,1.000000000000004,stress,0.6567547546130056
2001-02-28,0.0,3.0539930173579076e-155,1.0000000000000042,stress,0.7002004390287205
2001-03-31,0.0,2.3448866066608005e-210,1.0000000000000042,stress,0.8104988748802266
2001-04-30,0.0,3.5585955596393375e-114,1.0000000000000042,stress,0.6043580163337035
2001-05-31,0.0,1.4849241967838059e-37,1.0000000000000042,stress,0.35718564641824707
2001-06-30,0.0,2.3927210801287482e-36,1.0000000000000042,stress,0.35176576015594285
2001-07-31,0.0,3.191286537536061e-08,0.9999999680871388,stress,0.17622891718875078
2001-08-31,0.0,3.0835078087008327e-139,1.0000000000000042,stress,0.66457868865835
2001-09-30,0.0,1.6981481456124073e-204,1.0000000000000042,stress,0.7995253276789064
2001-10-31,0.0,2.723895611844636e-162,1.0000000000000042,stress,0.7153024808098011
2001-11-30,0.0,9.909068354111181e-120,1.0000000000000042,stress,0.6182411752668167
2001-12-31,0.0,5.1615326911146135e-06,0.9999948384673131,stress,0.1757816915279717
2002-01-31,4.2266035971552404e-88,0.9857115726411925,0.014288427358811641,watch,0.03570953727338577
2002-02-28,0.0013890778133532132,0.998178728166723,0.00043219401992805655,watch,0.009067268593046072
2002-03-31,0.08116291829254059,0.9186704675677381,0.00016661413972571384,watch,0.005496413667340045
2002-04-30,0.006568117775235414,0.9932767408789817,0.00015514134578751147,watch,0.00838153334547613
2002-05-31,0.0007882302288931294,0.9990583064297265,0.00015346334138494628,watch,0.0085807069972768
2002-06-30,2.0342734217704637e-09,0.9998669299242603,0.0001330680414707582,watch,0.012781421609246056
2002-07-31,7.324973024846294e-05,0.9997924278983554,0.00013432237140032028,watch,0.010338419504481491
2002-08-31,0.12107302871260096,0.8787731360139499,0.00015383527345346173,watch,0.005079349150088441
2002-09-30,0.01334444215213847,0.986574297392943,8.126045492278253e-05,watch,0.009981339540141373
2002-10-31,0.7628791955719559,0.23708487161509226,3.5932812956153155e-05,calm,0.005079349150088441
2002-11-30,0.8007187420600914,0.1992437768798538,3.748106005904614e-05,calm,0.0035926864862385116
2002-12-31,1.52037046353985e-11,0.9999443742865103,5.562569829056122e-05,watch,0.01597096054472349
2003-01-31,0.9653319890922799,0.034664542019823386,3.4688879014003815e-06,calm,0.0035186057608388318
2003-02-28,0.9912024070695614,0.008795838718387412,1.7542120556989818e-06,calm,0.001379597967702115
2003-03-31,0.9217071062947068,0.07827840717571205,1.4486529585758622e-05,calm,0.005079349150088441
2003-04-30,0.06789293171016249,0.9319560827229535,0.00015098556688872573,watch,0.00838153334547613
2003-05-31,0.005384188854331859,0.9944620898442572,0.00015372130141538075,watch,0.00838153334547613
2003-06-30,1.3418827333449968e-87,0.9999001870521738,9.981294783056494e-05,watch,0.03570953727338577
2003-07-31,7.076954251636288e-17,0.9998815368808862,0.0001184631191181874,watch,0.016647063925253607
2003-08-31,0.00014627674668295224,0.9997322120803379,0.00012151117298361923,watch,0.010338419504481491
2003-09-30,0.2520853510795352,0.7478589983777666,5.5650542702434225e-05,watch,0.007579065719139439
2003-10-31,0.9379856952062636,0.062009176441000485,5.128352740383573e-06,calm,0.005079349150088441
2003-11-30,0.9939681373628222,0.0060313546190312985,5.080181511210117e-07,calm,0.005079349150088441
2003-12-31,0.9984375357141478,0.0015623156557420558,1.4863011458904213e-07,calm,0.005079349150088441
2004-01-31,0.9975707028743359,0.0024289475834106886,3.495422579676644e-07,calm,0.005079349150088441
2004-02-29,0.9824117227409606,0.017585135876589265,3.141382455061805e-06,calm,0.005079349150088441
2004-03-31,0.7963423733250548,0.20364216228540657,1.5464389543404874e-05,calm,0.0085807069972768
2004-04-30,0.9801952222203236,0.019802895731617736,1.8820480635137874e-06,calm,0.005079349150088441
2004-05-31,0.9936256932205836,0.006373024231296546,1.2825481247788877e-06,calm,0.001379597967702115
2004-06-30,0.9184930271325566,0.08149200592848453,1.4966938963658848e-05,calm,0.005079349150088441
2004-07-31,9.90489725216028e-27,0.9999061736305712,9.382636943353073e-05,watch,0.02171064148342995
2004-08-31,0.298054800322312,0.7018089929866531,0.0001362066910394731,watch,0.0027002604963626046
2004-09-30,3.183001140662686e-81,0.9999154867947655,8.451320523873755e-05,watch,0.03501025296857698
2004-10-31,0.29825675986213235,0.7016077365741913,0.00013550356368050695,watch,0.0027002604963626046
2004-11-30,0.00029596975048273947,0.9996431173190633,6.091293045814745e-05,watch,0.011641600468597035
2004-12-31,0.9759224909385514,0.024075460087935947,2.0489735167240936e-06,calm,0.0027002604963626046
2005-01-31,0.9991737767836899,0.000826151457910387,7.175840365767576e-08,calm,0.0027002604963626046
2005-02-28,0.9997279229539178,0.000272052794403538,2.4251682675314863e-08,calm,0.0027002604963626046
2005-03-31,0.999741129695242,0.0002588471855202217,2.311924173471725e-08,calm,0.0027002604963626046
2005-04-30,0.9997414362575127,0.00025854064852568495,2.3093965634966775e-08,calm,0.0027002604963626046
2005-05-31,0.9997410997829834,0.00025887705176197656,2.3165258624733176e-08,calm,0.0027002604963626046
2005-06-30,0.9997266671609395,0.000273306655389563,2.618367507965115e-08,calm,0.0027002604963626046
2005-07-31,0.9991210853103869,0.0008787617387679422,1.5295084932324406e-07,calm,0.0027002604963626046
2005-08-31,0.9737116387546512,0.026282713296784135,5.647948568737125e-06,calm,0.0017079203508134975
2005-09-30,8.191412876779185e-90,0.9998952695448619,0.00010473045514227197,watch,0.036470175060633186
2005-10-31,8.603341253764295e-92,0.9999002122624427,9.978773756117689e-05,watch,0.036470175060633186
2005-11-30,2.0783634978682277e-08,0.9998656875535917,0.0001342916627774509,watch,0.012114876426964585
2005-12-31,2.600783126901212e-32,0.9998941258669148,0.00010587413308926725,watch,0.022410881499585644
2006-01-31,2.60082065645613e-32,0.9998945534464144,0.00010544655358970314,watch,0.022410881499585644
2006-02-28,2.6008212833506774e-32,0.9998945615877041,0.00010543841229981095,watch,0.022410881499585644
2006-03-31,2.6008201999227753e-32,0.9998946752448914,0.0001053247551125945,watch,0.022410881499585644
2006-04-30,1.0440884302098394e-68,0.9999022230855469,9.77769144571431e-05,watch,0.03182415083203913
2006-05-31,5.603109847144894e-75,0.9999022249427999,9.777505720423518e-05,watch,0.03315577785506888
2006-06-30,8.603341213003945e-92,0.9999008150437878,9.918495621615104e-05,watch,0.036470175060633186
2006-07-31,8.603318911474398e-92,0.9999012392182522,9.876078175182741e-05,watch,0.036470175060633186
2006-08-31,4.7878376494358263e-210,0.9999325652925898,6.743470741432188e-05,watch,0.05432580624014714
2006-09-30,0.9253773129629682,0.07461052284104792,1.2164195988293178e-05,calm,0.002816793754291356
2006-10-31,0.9253765777038956,0.0746086333945652,1.4788901543358401e-05,calm,0.002816793754291356
2006-11-30,7.789061515146192e-90,0.999895478364549,0.00010452163545554865,watch,0.036470175060633186
2006-12-31,8.60332731592967e-92,0.9999001476606594,9.985233934513109e-05,watch,0.036470175060633186
2007-01-31,2.5206648764901134e-202,0.9998609458499278,0.00013905415007690305,watch,0.05312170070873181
2007-02-28,3.58222791238961e-124,0.999893714345347,0.00010628565465766185,watch,0.04207965157791588
2007-03-31,6.554398940149981e-274,0.9999072814645056,9.271853549916303e-05,watch,0.06165994412631469
2007-04-30,0.9134736876147382,0.08651129646312297,1.501592214359712e-05,calm,0.0032675987425379786
2007-05-31,0.9134936025402179,0.086442174913203,6.422254658372953e-05,calm,0.0032675987425379786
2007-06-30,1.526011886411412e-200,0.9790718591510622,0.02092814084894228,watch,0.053145638019431035
2007-07-31,0.0,2.484551532881868e-14,0.9999999999999796,stress,0.24355233352787592
2007-08-31,0.0,5.971632848366957e-49,1.0000000000000044,stress,0.4044815738874948
2007-09-30,0.0,6.2602287414348586e-40,1.0000000000000047,stress,0.36759847140874097
2007-10-31,0.0,1.7435180292844868e-05,0.9999825648197117,stress,0.14545551348712377
2007-11-30,0.0,6.765532424275239e-11,0.9999999999323491,stress,0.20096537987849158
2007-12-31,0.0,2.031171652271313e-116,1.0000000000000044,stress,0.6100046603718766
2008-01-31,0.0,7.131162257367716e-196,1.0000000000000044,stress,0.7830854484992055
2008-02-29,0.0,1.075507150784198e-74,1.0000000000000044,stress,0.493827418391895
2008-03-31,0.0,1.4026719936040917e-116,1.0000000000000044,stress,0.6104078457538317
2008-04-30,0.0,3.8555864035807934e-06,0.9999961444136009,stress,0.15353456969441315
2008-05-31,0.0,1.0567149438443105e-189,1.0000000000000044,stress,0.7710970035221288
2008-06-30,0.0,1.5759215578382408e-169,1.0000000000000044,stress,0.7304675490436525
2008-07-31,0.0,3.171764667191985e-96,1.0000000000000044,stress,0.5569978160082796
2008-08-31,0.0,2.367496230177391e-104,1.0000000000000044,stress,0.5789488661736879
2008-09-30,0.0,1.2457128364435e-311,1.0000000000000044,stress,0.9802965209792466
2008-10-31,0.0,2.12976917895e-312,1.0000000000000044,stress,0.9814667460742391
2008-11-30,0.0,3.7800772644e-314,1.0000000000000044,stress,0.9841323347184457
2008-12-31,0.0,4.173427215063583e-289,1.0000000000000044,stress,0.9452651367621117
2009-01-31,0.0,1.499913756192615e-305,1.0000000000000044,stress,0.9709685987583256
2009-02-28,0.0,1.499913756192615e-305,1.0000000000000044,stress,0.9709685987583256
2009-03-31,0.0,9.66786720838611e-305,1.0000000000000044,stress,0.9697201626032366
2009-04-30,0.0,1.629959442847163e-151,1.0000000000000044,stress,0.6920760400896697
2009-05-31,0.0,3.601128356603862e-83,1.0000000000000044,stress,0.5247010239227887
2009-06-30,0.0,0.33628104555395727,0.6637189544460471,stress,0.1106796733945265
2009-07-31,1.9329227515653787e-293,0.9797152552678126,0.0202847447321918,watch,0.06350220018783147
2009-08-31,8.348402880387091e-11,0.9995027854438532,0.0004972144726670063,watch,0.01358221160722978
2009-09-30,2.6963262391752053e-35,0.9998900139429104,0.00010998605709381992,watch,0.02334296697202857
2009-10-31,1.138505342343322e-153,0.9998842900611489,0.00011570993885534952,watch,0.04657324665122139
2009-11-30,2.696919885087479e-35,0.9998958346471297,0.00010416535287445037,watch,0.02334296697202857
2009-12-31,4.189569346920251e-33,0.9998944327091263,0.00010556729087778567,watch,0.0226629821326778
2010-01-31,1.8241730848503224e-05,0.9998395983666869,0.00014215990246876486,watch,0.010124580492000348
2010-02-28,0.00761759557536222,0.9923178130324475,6.459139219430769e-05,watch,0.009348562561015294
2010-03-31,0.9708767134368411,0.02912062575090378,2.660812259057065e-06,calm,0.001379597967702115
2010-04-30,0.9988511697865409,0.0011487336207374515,9.65927256573664e-08,calm,0.0035186057608388318
2010-05-31,0.9996706046086588,0.00032936413595996975,3.125538538445262e-08,calm,0.0014830877803184536
2010-06-30,0.9996931758168264,0.0003067949435077629,2.9239669875825006e-08,calm,0.0014830877803184536
2010-07-31,0.9996818799467578,0.00031808958025296424,3.047299299087572e-08,calm,0.001379597967702115
2010-08-31,0.9996812661020954,0.00031870333330143917,3.056460688848776e-08,calm,0.001379597967702115
2010-09-30,0.9996714071599371,0.0003285630601739852,2.9779892634468657e-08,calm,0.0035186057608388318
2010-10-31,0.9992833387503319,0.0007165436728838962,1.1757678777053572e-07,calm,0.001379597967702115
2010-11-30,0.98596640257822,0.014032560161812412,1.0372599708949715e-06,calm,0.007168503035774224
2010-12-31,0.9993405759247069,0.0006593679604304899,5.611486613814711e-08,calm,0.003291318041133379
2011-01-31,0.9996991270454948,0.00030084684276028925,2.6111748478872547e-08,calm,0.003291318041133379
2011-02-28,0.999739615202547,0.00026036086366494697,2.3933791974251864e-08,calm,0.002234874287467259
2011-03-31,0.9996832460609063,0.0003167235951661289,3.0343931594946974e-08,calm,0.001379597967702115
2011-04-30,0.9996819081520076,0.0003180614175884759,3.0430407956236275e-08,calm,0.001379597967702115
2011-05-31,0.9996921699278347,0.00030780037938887286,2.9692780544755508e-08,calm,0.003184291927437309
2011-06-30,0.9987886570340362,0.0012112466695722412,9.629639562279363e-08,calm,0.005386398514019487
2011-07-31,0.9996872592943358,0.000312712722894773,2.7982773625342128e-08,calm,0.003184291927437309
2011-08-31,0.9995066613395682,0.00049326876132617,6.989910983359907e-08,calm,0.0014830877803184536
2011-09-30,0.9929883323530599,0.007011139470253514,5.281766907824013e-07,calm,0.0067367051095299346
2011-10-31,0.999506739568554,0.0004932142646121052,4.616683824926353e-08,calm,0.0014830877803184536
2011-11-30,0.9996889294260788,0.0003110409880886619,2.9585836687924457e-08,calm,0.0014830877803184536
2011-12-31,0.9996936900711396,0.00030628073652396543,2.919234076907344e-08,calm,0.0014830877803184536
2012-01-31,0.9996819477515279,0.0003180217886567654,3.045981972216242e-08,calm,0.001379597967702115
2012-02-29,0.9996830905200528,0.000316879314709723,3.016524192721722e-08,calm,0.001379597967702115
2012-03-31,0.9997342165485748,0.0002657588193600602,2.463206964403306e-08,calm,0.002062318167994759
2012-04-30,0.9996830803958454,0.0003168892436245112,3.036053458475509e-08,calm,0.001379597967702115
2012-05-31,0.9996815961501538,0.0003183733517689721,3.0498081445346513e-08,calm,0.001379597967702115
2012-06-30,0.9996815814735903,0.00031838803070465997,3.049570922240666e-08,calm,0.001379597967702115
2012-07-31,0.9996825599162031,0.0003174098047739714,3.027902693245826e-08,calm,0.001379597967702115
2012-08-31,0.9997162949661841,0.0002836801863376524,2.4847482339471997e-08,calm,0.003184291927437309
2012-09-30,0.9997154670183781,0.00028450786133204516,2.5120293520326926e-08,calm,0.003184291927437309
2012-10-31,0.9996498029624059,0.00035015849774054295,3.853985708746416e-08,calm,0.003184291927437309
2012-11-30,0.997118627789599,0.0028808180957893195,5.541146153017871e-07,calm,0.003184291927437309
2012-12-31,0.899582377015273,0.10039946188406142,1.8161100669373632e-05,calm,0.005386398514019487
2013-01-31,0.029905318643900336,0.9700287380447419,6.594331136172238e-05,watch,0.010481669300106095
2013-02-28,0.9419475647675563,0.05804791354413627,4.521688311110648e-06,calm,0.004755845884098033
2013-03-31,0.9982145603780681,0.001785288441736921,1.5118019839793217e-07,calm,0.003184291927437309
2013-04-30,0.9996534012321201,0.0003465657130603275,3.305482302590817e-08,calm,0.003184291927437309
2013-05-31,0.9988685129916096,0.00113134549540038,1.4151299361268009e-07,calm,0.004755845884098033
2013-06-30,0.9919359280024761,0.008063160514066593,9.114834611527229e-07,calm,0.006494059882700203
2013-07-31,0.9901259232179801,0.009873054004597691,1.0227774259344945e-06,calm,0.006494059882700203
2013-08-31,0.9921560316129372,0.007843380741527154,5.876455392124568e-07,calm,0.006494059882700203
2013-09-30,0.9994646679538831,0.000535281886569828,5.0159550637855404e-08,calm,0.001379597967702115
2013-10-31,0.9997101867291721,0.0002897878544371882,2.5416394142337505e-08,calm,0.003184291927437309
2013-11-30,0.999698236202027,0.00030173523606411446,2.8561912410013352e-08,calm,0.003184291927437309
2013-12-31,0.9989919036053387,0.0010080099812873064,8.641337752973346e-08,calm,0.005152608382057644
2014-01-31,0.9990550982301567,0.0009448259044439217,7.586540298168772e-08,calm,0.005079349150088441
2014-02-28,0.999700431771263,0.00029954210147242516,2.612726822847955e-08,calm,0.003184291927437309
2014-03-31,0.9997304443582076,0.00026953054243355806,2.5099362439533342e-08,calm,0.001963845123337318
2014-04-30,0.9996829702584069,0.0003169993707322567,3.0370864383926006e-08,calm,0.001379597967702115
2014-05-31,0.9996815726998081,0.0003183967972999179,3.0502895732101794e-08,calm,0.001379597967702115
2014-06-30,0.9996808833473582,0.0003190860034053326,3.064924029175229e-08,calm,0.001379597967702115
2014-07-31,0.9996585235787315,0.0003414433628167959,3.3058455644614076e-08,calm,0.0012173024734922528
2014-08-31,0.9996578280648852,0.0003421388114747424,3.312364420265603e-08,calm,0.0012173024734922528
2014-09-30,0.9996577847194031,0.0003421821500512098,3.3130549895626466e-08,calm,0.0012173024734922528
2014-10-31,0.9996570840113549,0.0003428827005495616,3.328809957168852e-08,calm,0.0012173024734922528
2014-11-30,0.9996345565110764,0.00036540513319336597,3.8355734302167494e-08,calm,0.0012173024734922528
2014-12-31,0.9989096130289004,0.0010901859308737171,2.0104022982719336e-07,calm,0.0012173024734922528
2015-01-31,0.975580651308615,0.024414333470811476,5.0152205771290915e-06,calm,0.00276665339575456
2015-02-28,1.8665586695265614e-05,0.9998364724320323,0.0001448619812761204,watch,0.011448913861713126
2015-03-31,1.5741848278913647e-29,0.9998925965786922,0.00010740342131125716,watch,0.02150120208045492
2015-04-30,1.1744404398896535e-67,0.9999072263716395,9.277362836403028e-05,watch,0.03182415083203913
2015-05-31,0.10592143899856815,0.8939228648461272,0.00015569615530831494,watch,0.005125429413415988
2015-06-30,2.518006046660725e-94,0.9998986687746025,0.0001013312254011129,watch,0.037135866106194355
2015-07-31,6.066825550947622e-35,0.9998959126009056,0.00010408739909786833,watch,0.023235172067503505
2015-08-31,6.066815878242576e-35,0.9998958716330366,0.00010412836696687185,watch,0.023235172067503505
2015-09-30,6.066815735306109e-35,0.9998958709873956,0.00010412901260752203,watch,0.023235172067503505
2015-10-31,6.066815789495967e-35,0.9998958685086642,0.0001041314913388108,watch,0.023235172067503505
2015-11-30,6.066819578988231e-35,0.9998957023549443,0.00010429764505862447,watch,0.023235172067503505
2015-12-31,4.1447766032173994e-142,0.9998845239790471,0.00011547602095578727,watch,0.044868828092506884
2016-01-31,0.0,0.999640616960742,0.0003593830392608491,watch,0.0719795856984275
2016-02-29,0.0,0.999639323509762,0.00036067649024076903,watch,0.0719795856984275
2016-03-31,4.1444815699251565e-142,0.9998570394523306,0.0001429605476721739,watch,0.044868828092506884
2016-04-30,0.0,0.9982255158980433,0.0017744841019594212,watch,0.0920653617776855
2016-05-31,0.0,0.9995529482137575,0.0004470517862452583,watch,0.0719795856984275
2016-06-30,0.0,0.9995372142101823,0.000462785789820345,watch,0.0719795856984275
2016-07-31,0.0,0.9978911842161098,0.002108815783892864,watch,0.0719795856984275
2016-08-31,0.0,0.9645764736117957,0.03542352638820699,watch,0.1093796478345841
2016-09-30,2.215096408078846e-138,0.9613239579570698,0.03867604204293288,watch,0.04430575801467939
2016-10-31,0.0,0.05149676677211927,0.948503233227883,stress,0.15520188032959928
2016-11-30,0.0,0.9287693300636987,0.07123066993630363,watch,0.07846951854744262
2016-12-31,0.0,0.9968197503440591,0.003180249655943176,watch,0.06910671741190538
2017-01-31,1.764814099525178e-189,0.9998104966496426,0.00018950335035961772,watch,0.05147782316351745
2017-02-28,3.5725337862712283e-84,0.9999003690424588,9.963095754350197e-05,watch,0.03501025296857698
2017-03-31,3.5727194159242277e-84,0.9999016328059207,9.83671940817698e-05,watch,0.03501025296857698
2017-04-30,3.572722026202783e-84,0.9999016505766514,9.834942335098017e-05,watch,0.03501025296857698
2017-05-31,3.5727220629077236e-84,0.9999016508265475,9.834917345466742e-05,watch,0.03501025296857698
2017-06-30,3.5727220634150267e-84,0.9999016508306781,9.834916932402324e-05,watch,0.03501025296857698
2017-07-31,3.572722062790013e-84,0.9999016508745902,9.834912541197059e-05,watch,0.03501025296857698
2017-08-31,3.5727220178232027e-84,0.9999016539938774,9.834600612457408e-05,watch,0.03501025296857698
2017-09-30,3.5727188200123945e-84,0.9999018758215913,9.812417841055351e-05,watch,0.03501025296857698
2017-10-31,1.0660518575129926e-82,0.9999176510738872,8.234892611468413e-05,watch,0.03501025296857698
2017-11-30,0.2980566374463686,0.7018071212853167,0.0001362412683163479,watch,0.0027002604963626046
2017-12-31,1.067070140844331e-82,0.9998996045925704,0.00010039540743153868,watch,0.03501025296857698
2018-01-31,9.909479969942796e-06,0.9999306133767386,5.9477143293261086e-05,watch,0.011641600468597035
2018-02-28,0.9746865927775331,0.025311110491063427,2.296731405310258e-06,calm,0.0027002604963626046
2018-03-31,0.9973618665775166,0.0026376933102409917,4.401122440313233e-07,calm,0.0027002604963626046
2018-04-30,0.974685387708367,0.02530947608721467,5.1362044201587556e-06,calm,0.0027002604963626046
2018-05-31,3.2492657930356833e-80,0.9999547520456596,4.524795434201432e-05,watch,0.03501025296857698
2018-06-30,0.9759152256231212,0.02408273518685818,2.0391900219304615e-06,calm,0.0027002604963626046
2018-07-31,0.9991725902627165,0.0008273377629104226,7.197437407547664e-08,calm,0.0027002604963626046
2018-08-31,0.9997136773104716,0.00028629546500796724,2.7224521276671464e-08,calm,0.0027002604963626046
2018-09-30,0.9991725636195871,0.0008272943909206285,1.419894932716736e-07,calm,0.0027002604963626046
2018-10-31,0.9759141440393988,0.02408089292607479,4.9630345273895e-06,calm,0.0027002604963626046
2018-11-30,9.921626259778001e-06,0.999845443557725,0.00014463481601629453,watch,0.011641600468597035
2018-12-31,2.5230233957761033e-202,0.9998593951018783,0.0001406048981227145,watch,0.05312170070873181
2019-01-31,2.5206049358700045e-202,0.9998601874281564,0.0001398125718444458,watch,0.05312170070873181
2019-02-28,5.494871190073196e-114,0.9998960690565671,0.00010393094343385495,watch,0.04040459520195091
2019-03-31,3.5823019920619923e-124,0.9998941473363753,0.0001058526636255846,watch,0.04207965157791588
2019-04-30,3.572716422104017e-84,0.9999008622617321,9.913773826865455e-05,watch,0.03501025296857698
2019-05-31,6.637090855389368e-214,0.9998531148265347,0.0001468851734662049,watch,0.05455908870937618
2019-06-30,9.554672362109186e-197,0.9998570995101385,0.0001429004898622486,watch,0.05241444737556772
2019-07-31,3.5863710938097843e-124,0.9995778172623074,0.00042218273769337704,watch,0.04207965157791588
2019-08-31,6.965985389284559e-214,0.9791039030791517,0.020896096920849254,watch,0.05455908870937618
2019-09-30,0.0,1.0903917211362604e-09,0.9999999989096093,stress,0.208945233284235
2019-10-31,0.0,2.3569049966976286e-09,0.999999997643096,stress,0.18717647550423352
2019-11-30,0.0,2.1318130131728114e-18,1.0000000000000009,stress,0.2562141221568092
2019-12-31,0.0,2.7929794171891153e-06,0.9999972070205836,stress,0.15519205203144973
2020-01-31,0.0,2.3578729448371662e-09,0.9999999976421279,stress,0.18717647550423352
2020-02-29,0.0,2.5404893636264318e-14,0.9999999999999755,stress,0.22812935304624699
2020-03-31,0.0,6.530012266515409e-222,1.0000000000000009,stress,0.8356049651085903
2020-04-30,8.49987847018756e-46,0.9856099129931261,0.014390087006874488,watch,0.02623508393255493
2020-05-31,2.156615163641923e-61,0.9997843488771947,0.00021565112280595873,watch,0.03057141675333239
2020-06-30,0.47706127290996075,0.5229008027963108,3.792429372911887e-05,watch,0.007043087205289968
2020-07-31,0.984978307073434,0.015020445500615955,1.2474259509551154e-06,calm,0.0034462926006977247
2020-08-31,0.999274992034048,0.0007249462192572576,6.17466957770717e-08,calm,0.0034462926006977247
2020-09-30,0.9996370905259239,0.000362873197543911,3.6276533258216996e-08,calm,0.0034462926006977247
2020-10-31,0.9982136455117661,0.0017861829198636914,1.7156837104865756e-07,calm,0.005575654492229137
2020-11-30,0.9973065840824556,0.0026929147610422585,5.01156503036244e-07,calm,0.0034462926006977247
2020-12-31,0.9240953971790216,0.07589056412871548,1.4038692263687892e-05,calm,0.0051464850047391614
2021-01-31,0.09058752261250583,0.9092645490824542,0.00014792830504066474,watch,0.00819968996045797
2021-02-28,1.6764051573314535e-08,0.9998676923262036,0.00013229090974548513,watch,0.012805441118157774
2021-03-31,5.091577939531765e-06,0.9999355784716562,5.932995040509426e-05,watch,0.01184037507389565
2021-04-30,0.9751246150883478,0.02487326882709348,2.1160845592823033e-06,calm,0.002904782537791138
2021-05-31,0.998895604827129,0.0011042912497366809,1.0392313505849248e-07,calm,0.0012173024734922528
2021-06-30,0.99963579981177,0.0003641652279323955,3.4960298506862126e-08,calm,0.0012173024734922528
2021-07-31,0.9997078482305018,0.0002921242269873407,2.7542511679724015e-08,calm,0.001637186851644104
2021-08-31,0.9997092779115118,0.000290694613189629,2.7475299470403584e-08,calm,0.001637186851644104
2021-09-30,0.9996910219392042,0.0003089465571570849,3.150363965409918e-08,calm,0.001637186851644104
2021-10-31,0.9990026877011071,0.0009971292219159262,1.8307697768080142e-07,calm,0.001637186851644104
2021-11-30,0.9731214812791636,0.02687271900243626,5.799718400695122e-06,calm,0.001637186851644104
2021-12-31,1.4952495112242752e-27,0.999888136685695,0.00011186331430553541,watch,0.02150120208045492
2022-01-31,1.6662750486609575e-37,0.9999551254443335,4.487455566718039e-05,watch,0.02458459011829332
2022-02-28,0.9715097494731814,0.028487506365256172,2.7441615631392195e-06,calm,0.001637186851644104
2022-03-31,0.9966919173571193,0.003307495760156635,5.868827249105789e-07,calm,0.0017079203508134975
2022-04-30,0.9720240817420446,0.02796990180419432,6.016453761950713e-06,calm,0.0017079203508134975
2022-05-31,1.8076087819894674e-168,0.9998705254235054,0.0001294745764953595,watch,0.04893561891376835
2022-06-30,4.8747103364286037e-141,0.9998884285578565,0.00011157144214423649,watch,0.04470753660264429
2022-07-31,4.874760859063536e-141,0.9998887123575699,0.00011128764243104823,watch,0.04470753660264429
2022-08-31,4.8747616807036175e-141,0.9998887156284849,0.0001112843715160447,watch,0.04470753660264429
2022-09-30,4.874762999635161e-141,0.9998886382078727,0.00011136179212833112,watch,0.04470753660264429
2022-10-31,1.0672915808937686e-154,0.9998837500664127,0.00011624993358802441,watch,0.04672163134748159
2022-11-30,4.8747476561153493e-141,0.9998886382090221,0.00011136179097881911,watch,0.04470753660264429
2022-12-31,4.874761450361211e-141,0.9998887157009638,0.00011128429903702157,watch,0.04470753660264429
2023-01-31,4.874761669041605e-141,0.9998887169294506,0.00011128307055033415,watch,0.04470753660264429
2023-02-28,4.874761672504729e-141,0.9998887169491463,0.00011128305085464222,watch,0.04470753660264429
2023-03-31,4.87476167232536e-141,0.9998887169633636,0.00011128303663732112,watch,0.04470753660264429
2023-04-30,4.874761657537384e-141,0.9998887178407129,0.00011128215928801633,watch,0.04470753660264429
2023-05-31,4.87476072466531e-141,0.9998887731830428,0.00011122681695816333,watch,0.04470753660264429
2023-06-30,5.9409279271875545e-118,0.9998922641421565,0.00010773585784439622,watch,0.04106546325707324
2023-07-31,5.945817894583073e-118,0.9996739324985541,0.00032606750144675774,watch,0.04106546325707324
2023-08-31,6.272634676817309e-118,0.9850057086725948,0.014994291327406152,watch,0.04106546325707324
2023-09-30,0.0,7.553002565834775e-24,1.0000000000000009,stress,0.3009284265319082
2023-10-31,0.0,1.0517175247524192e-156,1.0000000000000009,stress,0.7069188344422014
2023-11-30,0.0,0.29948923028151414,0.7005107697184868,stress,0.10809148657532333
2023-12-31,0.0,0.7131425385867697,0.2868574614132313,watch,0.10188756419059102
2024-01-31,7.17685863397529e-92,0.9958102326039832,0.004189767396017798,watch,0.036470175060633186
2024-02-29,2.5146843056744877e-202,0.9997788657865122,0.00022113421348865034,watch,0.05312170070873181
2024-03-31,5.287857446037865e-212,0.9998516943339544,0.00014830566604652525,watch,0.05432580624014714
2024-04-30,2.5206466039184623e-202,0.9998518114243923,0.00014818857560857065,watch,0.05312170070873181
2024-05-31,3.5876132336934273e-124,0.9994821864810124,0.0005178135189882747,watch,0.04207965157791588
2024-06-30,6.048466417732609e-271,0.9728223543160902,0.027177645683910553,watch,0.06112985784159366
2024-07-31,0.0,5.021170695276476e-32,1.0000000000000009,stress,0.34267192734200286
2024-08-31,0.0,0.0035707803266940494,0.9964292196733069,stress,0.1430389778134458
2024-09-30,0.0,0.9013979618082986,0.09860203819170221,watch,0.08247258445508839
2024-10-31,1.6e-322,0.9962912290074292,0.0037087709925716777,watch,0.06648686232347775
2024-11-30,1.2250982085400709e-145,0.9998276780670516,0.00017232193294932887,watch,0.04539618305880929
2024-12-31,5.572580601725907e-254,0.9998204778744028,0.0001795221255982629,watch,0.05925367171184752
2025-01-31,5.57255763469835e-254,0.9998202551630493,0.00017974483695169964,watch,0.05925367171184752
2025-02-28,5.572573647556315e-254,0.9998185834869392,0.0001814165130617539,watch,0.05925367171184752
2025-03-31,9.543160893128888e-284,0.999752213764512,0.0002477862354890531,watch,0.06250350149238401
2025-04-30,0.0,0.998467927412303,0.0015320725876978578,watch,0.08875319780326978
2025-05-31,0.0,0.9982303206498809,0.001769679350119712,watch,0.09068760617569231
2025-06-30,5.5674029554126225e-254,0.9997789685175704,0.00022103148243009127,watch,0.05925367171184752
2025-07-31,9.542632978086336e-284,0.9997736420217394,0.00022635797826111225,watch,0.06250350149238401
2025-08-31,5.50787318046536e-114,0.9992491691664254,0.000750830833575085,watch,0.04040459520195091
2025-09-30,0.0,0.956756007791029,0.04324399220897132,watch,0.09022329369018338
2025-10-31,0.0,0.7570361746128066,0.24296382538719372,watch,0.11915285338563285
2025-11-30,0.0,0.7622503392671458,0.2377496607328543,watch,0.11668918527343626
2025-12-31,0.0,0.9249001122138392,0.07509988778616102,watch,0.07870636799157536
2026-01-31,0.0,0.9092002004759255,0.09079979952407446,watch,0.11331358771471878
2026-02-28,0.0,0.9552460913041756,0.04475390869582451,watch,0.07870636799157536
